{"timestamp":"2026-01-14T04:33:11.176117Z","level":"info","event":"DAG bundles loaded: dags-folder","logger":"airflow.dag_processing.bundles.manager.DagBundlesManager","filename":"manager.py","lineno":179}
{"timestamp":"2026-01-14T04:33:11.176465Z","level":"info","event":"Filling up the DagBag from /opt/airflow/dags/spark_hello_world.py","logger":"airflow.models.dagbag.DagBag","filename":"dagbag.py","lineno":593}
{"timestamp":"2026-01-14T04:33:11.349056Z","level":"warning","event":"The `airflow.operators.bash.BashOperator` attribute is deprecated. Please use `'airflow.providers.standard.operators.bash.BashOperator'`.","category":"DeprecatedImportWarning","filename":"/opt/airflow/dags/spark_hello_world.py","lineno":4,"logger":"py.warnings"}
{"timestamp":"2026-01-14T04:33:11.363955Z","level":"info","event":"Tmp dir root location: /tmp","logger":"airflow.task.hooks.airflow.providers.standard.hooks.subprocess.SubprocessHook","filename":"subprocess.py","lineno":78}
{"timestamp":"2026-01-14T04:33:11.364478Z","level":"info","event":"Running command: ['/usr/bin/bash', '-c', '\\n        spark-submit         --master spark://spark-master:7077         --deploy-mode client         /opt/spark/jobs/hello_world.py\\n        ']","logger":"airflow.task.hooks.airflow.providers.standard.hooks.subprocess.SubprocessHook","filename":"subprocess.py","lineno":80}
{"timestamp":"2026-01-14T04:33:11.364793Z","level":"info","event":"Output:","logger":"airflow.task.hooks.airflow.providers.standard.hooks.subprocess.SubprocessHook","filename":"subprocess.py","lineno":92}
{"timestamp":"2026-01-14T04:33:11.424681Z","level":"info","event":"WARNING: Using incubator modules: jdk.incubator.vector","logger":"airflow.task.hooks.airflow.providers.standard.hooks.subprocess.SubprocessHook","filename":"subprocess.py","lineno":99}
{"timestamp":"2026-01-14T04:33:12.873025Z","level":"info","event":"Using Spark's default log4j profile: org/apache/spark/log4j2-defaults.properties","logger":"airflow.task.hooks.airflow.providers.standard.hooks.subprocess.SubprocessHook","filename":"subprocess.py","lineno":99}
{"timestamp":"2026-01-14T04:33:12.880635Z","level":"info","event":"26/01/14 04:33:12 INFO SparkContext: Running Spark version 4.1.1","logger":"airflow.task.hooks.airflow.providers.standard.hooks.subprocess.SubprocessHook","filename":"subprocess.py","lineno":99}
{"timestamp":"2026-01-14T04:33:12.882003Z","level":"info","event":"26/01/14 04:33:12 INFO SparkContext: OS info Linux, 6.12.54-linuxkit, aarch64","logger":"airflow.task.hooks.airflow.providers.standard.hooks.subprocess.SubprocessHook","filename":"subprocess.py","lineno":99}
{"timestamp":"2026-01-14T04:33:12.882130Z","level":"info","event":"26/01/14 04:33:12 INFO SparkContext: Java version 17.0.17+10-Debian-1deb12u1","logger":"airflow.task.hooks.airflow.providers.standard.hooks.subprocess.SubprocessHook","filename":"subprocess.py","lineno":99}
{"timestamp":"2026-01-14T04:33:12.926418Z","level":"info","event":"26/01/14 04:33:12 WARN NativeCodeLoader: Unable to load native-hadoop library for your platform... using builtin-java classes where applicable","logger":"airflow.task.hooks.airflow.providers.standard.hooks.subprocess.SubprocessHook","filename":"subprocess.py","lineno":99}
{"timestamp":"2026-01-14T04:33:12.949341Z","level":"info","event":"26/01/14 04:33:12 INFO ResourceUtils: ==============================================================","logger":"airflow.task.hooks.airflow.providers.standard.hooks.subprocess.SubprocessHook","filename":"subprocess.py","lineno":99}
{"timestamp":"2026-01-14T04:33:12.949466Z","level":"info","event":"26/01/14 04:33:12 INFO ResourceUtils: No custom resources configured for spark.driver.","logger":"airflow.task.hooks.airflow.providers.standard.hooks.subprocess.SubprocessHook","filename":"subprocess.py","lineno":99}
{"timestamp":"2026-01-14T04:33:12.949707Z","level":"info","event":"26/01/14 04:33:12 INFO ResourceUtils: ==============================================================","logger":"airflow.task.hooks.airflow.providers.standard.hooks.subprocess.SubprocessHook","filename":"subprocess.py","lineno":99}
{"timestamp":"2026-01-14T04:33:12.949742Z","level":"info","event":"26/01/14 04:33:12 INFO SparkContext: Submitted application: HelloWorld","logger":"airflow.task.hooks.airflow.providers.standard.hooks.subprocess.SubprocessHook","filename":"subprocess.py","lineno":99}
{"timestamp":"2026-01-14T04:33:12.967990Z","level":"info","event":"26/01/14 04:33:12 INFO SecurityManager: Changing view acls to: airflow","logger":"airflow.task.hooks.airflow.providers.standard.hooks.subprocess.SubprocessHook","filename":"subprocess.py","lineno":99}
{"timestamp":"2026-01-14T04:33:12.968114Z","level":"info","event":"26/01/14 04:33:12 INFO SecurityManager: Changing modify acls to: airflow","logger":"airflow.task.hooks.airflow.providers.standard.hooks.subprocess.SubprocessHook","filename":"subprocess.py","lineno":99}
{"timestamp":"2026-01-14T04:33:12.968194Z","level":"info","event":"26/01/14 04:33:12 INFO SecurityManager: Changing view acls groups to: airflow","logger":"airflow.task.hooks.airflow.providers.standard.hooks.subprocess.SubprocessHook","filename":"subprocess.py","lineno":99}
{"timestamp":"2026-01-14T04:33:12.968341Z","level":"info","event":"26/01/14 04:33:12 INFO SecurityManager: Changing modify acls groups to: airflow","logger":"airflow.task.hooks.airflow.providers.standard.hooks.subprocess.SubprocessHook","filename":"subprocess.py","lineno":99}
{"timestamp":"2026-01-14T04:33:12.968518Z","level":"info","event":"26/01/14 04:33:12 INFO SecurityManager: SecurityManager: authentication disabled; ui acls disabled; users with view permissions: airflow groups with view permissions: EMPTY; users with modify permissions: airflow; groups with modify permissions: EMPTY; RPC SSL disabled","logger":"airflow.task.hooks.airflow.providers.standard.hooks.subprocess.SubprocessHook","filename":"subprocess.py","lineno":99}
{"timestamp":"2026-01-14T04:33:13.061920Z","level":"info","event":"26/01/14 04:33:13 INFO Utils: Successfully started service 'sparkDriver' on port 36517.","logger":"airflow.task.hooks.airflow.providers.standard.hooks.subprocess.SubprocessHook","filename":"subprocess.py","lineno":99}
{"timestamp":"2026-01-14T04:33:13.072397Z","level":"info","event":"26/01/14 04:33:13 INFO SparkEnv: Registering MapOutputTracker","logger":"airflow.task.hooks.airflow.providers.standard.hooks.subprocess.SubprocessHook","filename":"subprocess.py","lineno":99}
{"timestamp":"2026-01-14T04:33:13.077174Z","level":"info","event":"26/01/14 04:33:13 INFO SparkEnv: Registering BlockManagerMaster","logger":"airflow.task.hooks.airflow.providers.standard.hooks.subprocess.SubprocessHook","filename":"subprocess.py","lineno":99}
{"timestamp":"2026-01-14T04:33:13.083207Z","level":"info","event":"26/01/14 04:33:13 INFO BlockManagerMasterEndpoint: Using org.apache.spark.storage.DefaultTopologyMapper for getting topology information","logger":"airflow.task.hooks.airflow.providers.standard.hooks.subprocess.SubprocessHook","filename":"subprocess.py","lineno":99}
{"timestamp":"2026-01-14T04:33:13.083420Z","level":"info","event":"26/01/14 04:33:13 INFO BlockManagerMasterEndpoint: BlockManagerMasterEndpoint up","logger":"airflow.task.hooks.airflow.providers.standard.hooks.subprocess.SubprocessHook","filename":"subprocess.py","lineno":99}
{"timestamp":"2026-01-14T04:33:13.084785Z","level":"info","event":"26/01/14 04:33:13 INFO SparkEnv: Registering BlockManagerMasterHeartbeat","logger":"airflow.task.hooks.airflow.providers.standard.hooks.subprocess.SubprocessHook","filename":"subprocess.py","lineno":99}
{"timestamp":"2026-01-14T04:33:13.093117Z","level":"info","event":"26/01/14 04:33:13 INFO DiskBlockManager: Created local directory at /tmp/blockmgr-b112cf6e-f84b-43f7-9ff0-abcae88f2b25","logger":"airflow.task.hooks.airflow.providers.standard.hooks.subprocess.SubprocessHook","filename":"subprocess.py","lineno":99}
{"timestamp":"2026-01-14T04:33:13.104453Z","level":"info","event":"26/01/14 04:33:13 INFO SparkEnv: Registering OutputCommitCoordinator","logger":"airflow.task.hooks.airflow.providers.standard.hooks.subprocess.SubprocessHook","filename":"subprocess.py","lineno":99}
{"timestamp":"2026-01-14T04:33:13.153006Z","level":"info","event":"26/01/14 04:33:13 INFO JettyUtils: Start Jetty 0.0.0.0:4040 for SparkUI","logger":"airflow.task.hooks.airflow.providers.standard.hooks.subprocess.SubprocessHook","filename":"subprocess.py","lineno":99}
{"timestamp":"2026-01-14T04:33:13.187241Z","level":"info","event":"26/01/14 04:33:13 INFO Utils: Successfully started service 'SparkUI' on port 4040.","logger":"airflow.task.hooks.airflow.providers.standard.hooks.subprocess.SubprocessHook","filename":"subprocess.py","lineno":99}
{"timestamp":"2026-01-14T04:33:13.208911Z","level":"info","event":"26/01/14 04:33:13 INFO ResourceProfile: Default ResourceProfile created, executor resources: Map(memory -> name: memory, amount: 1024, script: , vendor: , offHeap -> name: offHeap, amount: 0, script: , vendor: ), task resources: Map(cpus -> name: cpus, amount: 1.0)","logger":"airflow.task.hooks.airflow.providers.standard.hooks.subprocess.SubprocessHook","filename":"subprocess.py","lineno":99}
{"timestamp":"2026-01-14T04:33:13.209539Z","level":"info","event":"26/01/14 04:33:13 INFO ResourceProfile: Limiting resource is cpu","logger":"airflow.task.hooks.airflow.providers.standard.hooks.subprocess.SubprocessHook","filename":"subprocess.py","lineno":99}
{"timestamp":"2026-01-14T04:33:13.209724Z","level":"info","event":"26/01/14 04:33:13 INFO ResourceProfileManager: Added ResourceProfile id: 0","logger":"airflow.task.hooks.airflow.providers.standard.hooks.subprocess.SubprocessHook","filename":"subprocess.py","lineno":99}
{"timestamp":"2026-01-14T04:33:13.214902Z","level":"info","event":"26/01/14 04:33:13 INFO SecurityManager: Changing view acls to: airflow","logger":"airflow.task.hooks.airflow.providers.standard.hooks.subprocess.SubprocessHook","filename":"subprocess.py","lineno":99}
{"timestamp":"2026-01-14T04:33:13.214967Z","level":"info","event":"26/01/14 04:33:13 INFO SecurityManager: Changing modify acls to: airflow","logger":"airflow.task.hooks.airflow.providers.standard.hooks.subprocess.SubprocessHook","filename":"subprocess.py","lineno":99}
{"timestamp":"2026-01-14T04:33:13.214984Z","level":"info","event":"26/01/14 04:33:13 INFO SecurityManager: Changing view acls groups to: airflow","logger":"airflow.task.hooks.airflow.providers.standard.hooks.subprocess.SubprocessHook","filename":"subprocess.py","lineno":99}
{"timestamp":"2026-01-14T04:33:13.215091Z","level":"info","event":"26/01/14 04:33:13 INFO SecurityManager: Changing modify acls groups to: airflow","logger":"airflow.task.hooks.airflow.providers.standard.hooks.subprocess.SubprocessHook","filename":"subprocess.py","lineno":99}
{"timestamp":"2026-01-14T04:33:13.215159Z","level":"info","event":"26/01/14 04:33:13 INFO SecurityManager: SecurityManager: authentication disabled; ui acls disabled; users with view permissions: airflow groups with view permissions: EMPTY; users with modify permissions: airflow; groups with modify permissions: EMPTY; RPC SSL disabled","logger":"airflow.task.hooks.airflow.providers.standard.hooks.subprocess.SubprocessHook","filename":"subprocess.py","lineno":99}
{"timestamp":"2026-01-14T04:33:13.261422Z","level":"info","event":"26/01/14 04:33:13 INFO StandaloneAppClient$ClientEndpoint: Connecting to master spark://spark-master:7077...","logger":"airflow.task.hooks.airflow.providers.standard.hooks.subprocess.SubprocessHook","filename":"subprocess.py","lineno":99}
{"timestamp":"2026-01-14T04:33:13.278188Z","level":"info","event":"26/01/14 04:33:13 INFO TransportClientFactory: Successfully created connection to spark-master/172.18.0.3:7077 after 8 ms (0 ms spent in bootstraps)","logger":"airflow.task.hooks.airflow.providers.standard.hooks.subprocess.SubprocessHook","filename":"subprocess.py","lineno":99}
{"timestamp":"2026-01-14T04:33:13.326492Z","level":"info","event":"26/01/14 04:33:13 INFO StandaloneSchedulerBackend: Connected to Spark cluster with app ID app-20260114043313-0003","logger":"airflow.task.hooks.airflow.providers.standard.hooks.subprocess.SubprocessHook","filename":"subprocess.py","lineno":99}
{"timestamp":"2026-01-14T04:33:13.327676Z","level":"info","event":"26/01/14 04:33:13 INFO StandaloneAppClient$ClientEndpoint: Executor added: app-20260114043313-0003/0 on worker-20260114041020-172.18.0.4-46237 (172.18.0.4:46237) with 2 core(s)","logger":"airflow.task.hooks.airflow.providers.standard.hooks.subprocess.SubprocessHook","filename":"subprocess.py","lineno":99}
{"timestamp":"2026-01-14T04:33:13.328851Z","level":"info","event":"26/01/14 04:33:13 INFO StandaloneSchedulerBackend: Granted executor ID app-20260114043313-0003/0 on hostPort 172.18.0.4:46237 with 2 core(s), 1024.0 MiB RAM","logger":"airflow.task.hooks.airflow.providers.standard.hooks.subprocess.SubprocessHook","filename":"subprocess.py","lineno":99}
{"timestamp":"2026-01-14T04:33:13.332293Z","level":"info","event":"26/01/14 04:33:13 INFO Utils: Successfully started service 'org.apache.spark.network.netty.NettyBlockTransferService' on port 33881.","logger":"airflow.task.hooks.airflow.providers.standard.hooks.subprocess.SubprocessHook","filename":"subprocess.py","lineno":99}
{"timestamp":"2026-01-14T04:33:13.332422Z","level":"info","event":"26/01/14 04:33:13 INFO NettyBlockTransferService: Server created on 2bd1235029fa:33881","logger":"airflow.task.hooks.airflow.providers.standard.hooks.subprocess.SubprocessHook","filename":"subprocess.py","lineno":99}
{"timestamp":"2026-01-14T04:33:13.333570Z","level":"info","event":"26/01/14 04:33:13 INFO BlockManager: Using org.apache.spark.storage.RandomBlockReplicationPolicy for block replication policy","logger":"airflow.task.hooks.airflow.providers.standard.hooks.subprocess.SubprocessHook","filename":"subprocess.py","lineno":99}
{"timestamp":"2026-01-14T04:33:13.341203Z","level":"info","event":"26/01/14 04:33:13 INFO BlockManagerMaster: Registering BlockManager BlockManagerId(driver, 2bd1235029fa, 33881, None)","logger":"airflow.task.hooks.airflow.providers.standard.hooks.subprocess.SubprocessHook","filename":"subprocess.py","lineno":99}
{"timestamp":"2026-01-14T04:33:13.346744Z","level":"info","event":"26/01/14 04:33:13 INFO BlockManagerMasterEndpoint: Registering block manager 2bd1235029fa:33881 with 434.4 MiB RAM, BlockManagerId(driver, 2bd1235029fa, 33881, None)","logger":"airflow.task.hooks.airflow.providers.standard.hooks.subprocess.SubprocessHook","filename":"subprocess.py","lineno":99}
{"timestamp":"2026-01-14T04:33:13.347925Z","level":"info","event":"26/01/14 04:33:13 INFO StandaloneAppClient$ClientEndpoint: Executor updated: app-20260114043313-0003/0 is now RUNNING","logger":"airflow.task.hooks.airflow.providers.standard.hooks.subprocess.SubprocessHook","filename":"subprocess.py","lineno":99}
{"timestamp":"2026-01-14T04:33:13.349055Z","level":"info","event":"26/01/14 04:33:13 INFO BlockManagerMaster: Registered BlockManager BlockManagerId(driver, 2bd1235029fa, 33881, None)","logger":"airflow.task.hooks.airflow.providers.standard.hooks.subprocess.SubprocessHook","filename":"subprocess.py","lineno":99}
{"timestamp":"2026-01-14T04:33:13.350020Z","level":"info","event":"26/01/14 04:33:13 INFO BlockManager: Initialized BlockManager: BlockManagerId(driver, 2bd1235029fa, 33881, None)","logger":"airflow.task.hooks.airflow.providers.standard.hooks.subprocess.SubprocessHook","filename":"subprocess.py","lineno":99}
{"timestamp":"2026-01-14T04:33:13.420200Z","level":"info","event":"26/01/14 04:33:13 INFO StandaloneSchedulerBackend: SchedulerBackend is ready for scheduling beginning after reached minRegisteredResourcesRatio: 0.0","logger":"airflow.task.hooks.airflow.providers.standard.hooks.subprocess.SubprocessHook","filename":"subprocess.py","lineno":99}
{"timestamp":"2026-01-14T04:33:14.378363Z","level":"info","event":"26/01/14 04:33:14 INFO StandaloneSchedulerBackend$StandaloneDriverEndpoint: Registered executor NettyRpcEndpointRef(spark-client://Executor) (172.18.0.4:48186) with ID 0, ResourceProfileId 0","logger":"airflow.task.hooks.airflow.providers.standard.hooks.subprocess.SubprocessHook","filename":"subprocess.py","lineno":99}
{"timestamp":"2026-01-14T04:33:14.461379Z","level":"info","event":"26/01/14 04:33:14 INFO BlockManagerMasterEndpoint: Registering block manager 172.18.0.4:46663 with 434.4 MiB RAM, BlockManagerId(0, 172.18.0.4, 46663, None)","logger":"airflow.task.hooks.airflow.providers.standard.hooks.subprocess.SubprocessHook","filename":"subprocess.py","lineno":99}
{"timestamp":"2026-01-14T04:33:14.540084Z","level":"info","event":"26/01/14 04:33:14 INFO SharedState: Setting hive.metastore.warehouse.dir ('null') to the value of spark.sql.warehouse.dir.","logger":"airflow.task.hooks.airflow.providers.standard.hooks.subprocess.SubprocessHook","filename":"subprocess.py","lineno":99}
{"timestamp":"2026-01-14T04:33:14.542479Z","level":"info","event":"26/01/14 04:33:14 INFO SharedState: Warehouse path is 'file:/tmp/airflowtmpn6rxu9du/spark-warehouse'.","logger":"airflow.task.hooks.airflow.providers.standard.hooks.subprocess.SubprocessHook","filename":"subprocess.py","lineno":99}
{"timestamp":"2026-01-14T04:33:15.208974Z","level":"info","event":"26/01/14 04:33:15 INFO CodeGenerator: Code generated in 58.227417 ms","logger":"airflow.task.hooks.airflow.providers.standard.hooks.subprocess.SubprocessHook","filename":"subprocess.py","lineno":99}
{"timestamp":"2026-01-14T04:33:15.221565Z","level":"info","event":"26/01/14 04:33:15 INFO SparkContext: Starting job: showString at NativeMethodAccessorImpl.java:0","logger":"airflow.task.hooks.airflow.providers.standard.hooks.subprocess.SubprocessHook","filename":"subprocess.py","lineno":99}
{"timestamp":"2026-01-14T04:33:15.225516Z","level":"info","event":"26/01/14 04:33:15 INFO DAGScheduler: Got job 0 (showString at NativeMethodAccessorImpl.java:0) with 1 output partitions","logger":"airflow.task.hooks.airflow.providers.standard.hooks.subprocess.SubprocessHook","filename":"subprocess.py","lineno":99}
{"timestamp":"2026-01-14T04:33:15.225689Z","level":"info","event":"26/01/14 04:33:15 INFO DAGScheduler: Final stage: ResultStage 0 (showString at NativeMethodAccessorImpl.java:0)","logger":"airflow.task.hooks.airflow.providers.standard.hooks.subprocess.SubprocessHook","filename":"subprocess.py","lineno":99}
{"timestamp":"2026-01-14T04:33:15.225787Z","level":"info","event":"26/01/14 04:33:15 INFO DAGScheduler: Parents of final stage: List()","logger":"airflow.task.hooks.airflow.providers.standard.hooks.subprocess.SubprocessHook","filename":"subprocess.py","lineno":99}
{"timestamp":"2026-01-14T04:33:15.226061Z","level":"info","event":"26/01/14 04:33:15 INFO DAGScheduler: Missing parents: List()","logger":"airflow.task.hooks.airflow.providers.standard.hooks.subprocess.SubprocessHook","filename":"subprocess.py","lineno":99}
{"timestamp":"2026-01-14T04:33:15.226798Z","level":"info","event":"26/01/14 04:33:15 INFO DAGScheduler: Missing parents found for ResultStage 0: List()","logger":"airflow.task.hooks.airflow.providers.standard.hooks.subprocess.SubprocessHook","filename":"subprocess.py","lineno":99}
{"timestamp":"2026-01-14T04:33:15.227011Z","level":"info","event":"26/01/14 04:33:15 INFO DAGScheduler: Submitting ResultStage 0 (MapPartitionsRDD[6] at showString at NativeMethodAccessorImpl.java:0), which has no missing parents","logger":"airflow.task.hooks.airflow.providers.standard.hooks.subprocess.SubprocessHook","filename":"subprocess.py","lineno":99}
{"timestamp":"2026-01-14T04:33:15.254150Z","level":"info","event":"26/01/14 04:33:15 INFO MemoryStore: MemoryStore started with capacity 434.4 MiB","logger":"airflow.task.hooks.airflow.providers.standard.hooks.subprocess.SubprocessHook","filename":"subprocess.py","lineno":99}
{"timestamp":"2026-01-14T04:33:15.261843Z","level":"info","event":"26/01/14 04:33:15 INFO MemoryStore: Block broadcast_0 stored as values in memory (estimated size 13.7 KiB, free 434.4 MiB)","logger":"airflow.task.hooks.airflow.providers.standard.hooks.subprocess.SubprocessHook","filename":"subprocess.py","lineno":99}
{"timestamp":"2026-01-14T04:33:15.270699Z","level":"info","event":"26/01/14 04:33:15 INFO MemoryStore: Block broadcast_0_piece0 stored as bytes in memory (estimated size 7.1 KiB, free 434.4 MiB)","logger":"airflow.task.hooks.airflow.providers.standard.hooks.subprocess.SubprocessHook","filename":"subprocess.py","lineno":99}
{"timestamp":"2026-01-14T04:33:15.273342Z","level":"info","event":"26/01/14 04:33:15 INFO SparkContext: Created broadcast 0 from broadcast at DAGScheduler.scala:1686","logger":"airflow.task.hooks.airflow.providers.standard.hooks.subprocess.SubprocessHook","filename":"subprocess.py","lineno":99}
{"timestamp":"2026-01-14T04:33:15.280263Z","level":"info","event":"26/01/14 04:33:15 INFO DAGScheduler: Submitting 1 missing tasks from ResultStage 0 (MapPartitionsRDD[6] at showString at NativeMethodAccessorImpl.java:0) (first 15 tasks are for partitions Vector(0))","logger":"airflow.task.hooks.airflow.providers.standard.hooks.subprocess.SubprocessHook","filename":"subprocess.py","lineno":99}
{"timestamp":"2026-01-14T04:33:15.281554Z","level":"info","event":"26/01/14 04:33:15 INFO TaskSchedulerImpl: Adding task set 0.0 with 1 tasks resource profile 0","logger":"airflow.task.hooks.airflow.providers.standard.hooks.subprocess.SubprocessHook","filename":"subprocess.py","lineno":99}
{"timestamp":"2026-01-14T04:33:15.291748Z","level":"info","event":"26/01/14 04:33:15 INFO TaskSetManager: Starting task 0.0 in stage 0.0 (TID 0) (172.18.0.4,executor 0, partition 0, PROCESS_LOCAL, 9679 bytes)","logger":"airflow.task.hooks.airflow.providers.standard.hooks.subprocess.SubprocessHook","filename":"subprocess.py","lineno":99}
{"timestamp":"2026-01-14T04:33:15.867989Z","level":"info","event":"26/01/14 04:33:15 WARN TaskSetManager: Lost task 0.0 in stage 0.0 (TID 0) (172.18.0.4 executor 0): org.apache.spark.api.python.PythonException: Traceback (most recent call last):","logger":"airflow.task.hooks.airflow.providers.standard.hooks.subprocess.SubprocessHook","filename":"subprocess.py","lineno":99}
{"timestamp":"2026-01-14T04:33:15.868069Z","level":"info","event":"  File \"/opt/spark/python/lib/pyspark.zip/pyspark/worker.py\", line 3305, in main","logger":"airflow.task.hooks.airflow.providers.standard.hooks.subprocess.SubprocessHook","filename":"subprocess.py","lineno":99}
{"timestamp":"2026-01-14T04:33:15.868088Z","level":"info","event":"    check_python_version(infile)","logger":"airflow.task.hooks.airflow.providers.standard.hooks.subprocess.SubprocessHook","filename":"subprocess.py","lineno":99}
{"timestamp":"2026-01-14T04:33:15.868101Z","level":"info","event":"  File \"/opt/spark/python/lib/pyspark.zip/pyspark/worker_util.py\", line 77, in check_python_version","logger":"airflow.task.hooks.airflow.providers.standard.hooks.subprocess.SubprocessHook","filename":"subprocess.py","lineno":99}
{"timestamp":"2026-01-14T04:33:15.868113Z","level":"info","event":"    raise PySparkRuntimeError(","logger":"airflow.task.hooks.airflow.providers.standard.hooks.subprocess.SubprocessHook","filename":"subprocess.py","lineno":99}
{"timestamp":"2026-01-14T04:33:15.868124Z","level":"info","event":"pyspark.errors.exceptions.base.PySparkRuntimeError: [PYTHON_VERSION_MISMATCH] Python in worker has different version: 3.10 than that in driver: 3.12, PySpark cannot run with different minor versions.","logger":"airflow.task.hooks.airflow.providers.standard.hooks.subprocess.SubprocessHook","filename":"subprocess.py","lineno":99}
{"timestamp":"2026-01-14T04:33:15.868134Z","level":"info","event":"Please check environment variables PYSPARK_PYTHON and PYSPARK_DRIVER_PYTHON are correctly set.","logger":"airflow.task.hooks.airflow.providers.standard.hooks.subprocess.SubprocessHook","filename":"subprocess.py","lineno":99}
{"timestamp":"2026-01-14T04:33:15.868145Z","level":"info","event":"","logger":"airflow.task.hooks.airflow.providers.standard.hooks.subprocess.SubprocessHook","filename":"subprocess.py","lineno":99}
{"timestamp":"2026-01-14T04:33:15.868156Z","level":"info","event":"\tat org.apache.spark.api.python.BasePythonRunner$ReaderIterator.handlePythonException(PythonRunner.scala:645)","logger":"airflow.task.hooks.airflow.providers.standard.hooks.subprocess.SubprocessHook","filename":"subprocess.py","lineno":99}
{"timestamp":"2026-01-14T04:33:15.868166Z","level":"info","event":"\tat org.apache.spark.api.python.PythonRunner$$anon$3.read(PythonRunner.scala:1029)","logger":"airflow.task.hooks.airflow.providers.standard.hooks.subprocess.SubprocessHook","filename":"subprocess.py","lineno":99}
{"timestamp":"2026-01-14T04:33:15.868176Z","level":"info","event":"\tat org.apache.spark.api.python.PythonRunner$$anon$3.read(PythonRunner.scala:1014)","logger":"airflow.task.hooks.airflow.providers.standard.hooks.subprocess.SubprocessHook","filename":"subprocess.py","lineno":99}
{"timestamp":"2026-01-14T04:33:15.868185Z","level":"info","event":"\tat org.apache.spark.api.python.BasePythonRunner$ReaderIterator.hasNext(PythonRunner.scala:596)","logger":"airflow.task.hooks.airflow.providers.standard.hooks.subprocess.SubprocessHook","filename":"subprocess.py","lineno":99}
{"timestamp":"2026-01-14T04:33:15.868195Z","level":"info","event":"\tat org.apache.spark.InterruptibleIterator.hasNext(InterruptibleIterator.scala:37)","logger":"airflow.task.hooks.airflow.providers.standard.hooks.subprocess.SubprocessHook","filename":"subprocess.py","lineno":99}
{"timestamp":"2026-01-14T04:33:15.868204Z","level":"info","event":"\tat scala.collection.Iterator$$anon$10.hasNext(Iterator.scala:611)","logger":"airflow.task.hooks.airflow.providers.standard.hooks.subprocess.SubprocessHook","filename":"subprocess.py","lineno":99}
{"timestamp":"2026-01-14T04:33:15.868213Z","level":"info","event":"\tat scala.collection.Iterator$$anon$9.hasNext(Iterator.scala:593)","logger":"airflow.task.hooks.airflow.providers.standard.hooks.subprocess.SubprocessHook","filename":"subprocess.py","lineno":99}
{"timestamp":"2026-01-14T04:33:15.868223Z","level":"info","event":"\tat scala.collection.Iterator$$anon$9.hasNext(Iterator.scala:593)","logger":"airflow.task.hooks.airflow.providers.standard.hooks.subprocess.SubprocessHook","filename":"subprocess.py","lineno":99}
{"timestamp":"2026-01-14T04:33:15.868232Z","level":"info","event":"\tat org.apache.spark.sql.catalyst.expressions.GeneratedClass$GeneratedIteratorForCodegenStage1.processNext(Unknown Source)","logger":"airflow.task.hooks.airflow.providers.standard.hooks.subprocess.SubprocessHook","filename":"subprocess.py","lineno":99}
{"timestamp":"2026-01-14T04:33:15.868244Z","level":"info","event":"\tat org.apache.spark.sql.execution.BufferedRowIterator.hasNext(BufferedRowIterator.java:43)","logger":"airflow.task.hooks.airflow.providers.standard.hooks.subprocess.SubprocessHook","filename":"subprocess.py","lineno":99}
{"timestamp":"2026-01-14T04:33:15.868254Z","level":"info","event":"\tat org.apache.spark.sql.execution.WholeStageCodegenEvaluatorFactory$WholeStageCodegenPartitionEvaluator$$anon$1.hasNext(WholeStageCodegenEvaluatorFactory.scala:50)","logger":"airflow.task.hooks.airflow.providers.standard.hooks.subprocess.SubprocessHook","filename":"subprocess.py","lineno":99}
{"timestamp":"2026-01-14T04:33:15.868264Z","level":"info","event":"\tat org.apache.spark.sql.execution.SparkPlan.$anonfun$getByteArrayRdd$1(SparkPlan.scala:402)","logger":"airflow.task.hooks.airflow.providers.standard.hooks.subprocess.SubprocessHook","filename":"subprocess.py","lineno":99}
{"timestamp":"2026-01-14T04:33:15.868273Z","level":"info","event":"\tat org.apache.spark.rdd.RDD.$anonfun$mapPartitionsInternal$2(RDD.scala:901)","logger":"airflow.task.hooks.airflow.providers.standard.hooks.subprocess.SubprocessHook","filename":"subprocess.py","lineno":99}
{"timestamp":"2026-01-14T04:33:15.868283Z","level":"info","event":"\tat org.apache.spark.rdd.RDD.$anonfun$mapPartitionsInternal$2$adapted(RDD.scala:901)","logger":"airflow.task.hooks.airflow.providers.standard.hooks.subprocess.SubprocessHook","filename":"subprocess.py","lineno":99}
{"timestamp":"2026-01-14T04:33:15.868292Z","level":"info","event":"\tat org.apache.spark.rdd.MapPartitionsRDD.compute(MapPartitionsRDD.scala:52)","logger":"airflow.task.hooks.airflow.providers.standard.hooks.subprocess.SubprocessHook","filename":"subprocess.py","lineno":99}
{"timestamp":"2026-01-14T04:33:15.868302Z","level":"info","event":"\tat org.apache.spark.rdd.RDD.computeOrReadCheckpoint(RDD.scala:374)","logger":"airflow.task.hooks.airflow.providers.standard.hooks.subprocess.SubprocessHook","filename":"subprocess.py","lineno":99}
{"timestamp":"2026-01-14T04:33:15.868311Z","level":"info","event":"\tat org.apache.spark.rdd.RDD.iterator(RDD.scala:338)","logger":"airflow.task.hooks.airflow.providers.standard.hooks.subprocess.SubprocessHook","filename":"subprocess.py","lineno":99}
{"timestamp":"2026-01-14T04:33:15.868320Z","level":"info","event":"\tat org.apache.spark.scheduler.ResultTask.runTask(ResultTask.scala:93)","logger":"airflow.task.hooks.airflow.providers.standard.hooks.subprocess.SubprocessHook","filename":"subprocess.py","lineno":99}
{"timestamp":"2026-01-14T04:33:15.868329Z","level":"info","event":"\tat org.apache.spark.TaskContext.runTaskWithListeners(TaskContext.scala:180)","logger":"airflow.task.hooks.airflow.providers.standard.hooks.subprocess.SubprocessHook","filename":"subprocess.py","lineno":99}
{"timestamp":"2026-01-14T04:33:15.868338Z","level":"info","event":"\tat org.apache.spark.scheduler.Task.run(Task.scala:147)","logger":"airflow.task.hooks.airflow.providers.standard.hooks.subprocess.SubprocessHook","filename":"subprocess.py","lineno":99}
{"timestamp":"2026-01-14T04:33:15.868348Z","level":"info","event":"\tat org.apache.spark.executor.Executor$TaskRunner.$anonfun$run$5(Executor.scala:716)","logger":"airflow.task.hooks.airflow.providers.standard.hooks.subprocess.SubprocessHook","filename":"subprocess.py","lineno":99}
{"timestamp":"2026-01-14T04:33:15.868358Z","level":"info","event":"\tat org.apache.spark.util.SparkErrorUtils.tryWithSafeFinally(SparkErrorUtils.scala:86)","logger":"airflow.task.hooks.airflow.providers.standard.hooks.subprocess.SubprocessHook","filename":"subprocess.py","lineno":99}
{"timestamp":"2026-01-14T04:33:15.868367Z","level":"info","event":"\tat org.apache.spark.util.SparkErrorUtils.tryWithSafeFinally$(SparkErrorUtils.scala:83)","logger":"airflow.task.hooks.airflow.providers.standard.hooks.subprocess.SubprocessHook","filename":"subprocess.py","lineno":99}
{"timestamp":"2026-01-14T04:33:15.868376Z","level":"info","event":"\tat org.apache.spark.util.Utils$.tryWithSafeFinally(Utils.scala:97)","logger":"airflow.task.hooks.airflow.providers.standard.hooks.subprocess.SubprocessHook","filename":"subprocess.py","lineno":99}
{"timestamp":"2026-01-14T04:33:15.868385Z","level":"info","event":"\tat org.apache.spark.executor.Executor$TaskRunner.run(Executor.scala:719)","logger":"airflow.task.hooks.airflow.providers.standard.hooks.subprocess.SubprocessHook","filename":"subprocess.py","lineno":99}
{"timestamp":"2026-01-14T04:33:15.868395Z","level":"info","event":"\tat java.base/java.util.concurrent.ThreadPoolExecutor.runWorker(ThreadPoolExecutor.java:1144)","logger":"airflow.task.hooks.airflow.providers.standard.hooks.subprocess.SubprocessHook","filename":"subprocess.py","lineno":99}
{"timestamp":"2026-01-14T04:33:15.868404Z","level":"info","event":"\tat java.base/java.util.concurrent.ThreadPoolExecutor$Worker.run(ThreadPoolExecutor.java:642)","logger":"airflow.task.hooks.airflow.providers.standard.hooks.subprocess.SubprocessHook","filename":"subprocess.py","lineno":99}
{"timestamp":"2026-01-14T04:33:15.868414Z","level":"info","event":"\tat java.base/java.lang.Thread.run(Thread.java:1583)","logger":"airflow.task.hooks.airflow.providers.standard.hooks.subprocess.SubprocessHook","filename":"subprocess.py","lineno":99}
{"timestamp":"2026-01-14T04:33:15.868423Z","level":"info","event":"","logger":"airflow.task.hooks.airflow.providers.standard.hooks.subprocess.SubprocessHook","filename":"subprocess.py","lineno":99}
{"timestamp":"2026-01-14T04:33:15.868878Z","level":"info","event":"26/01/14 04:33:15 INFO TaskSetManager: Starting task 0.1 in stage 0.0 (TID 1) (172.18.0.4,executor 0, partition 0, PROCESS_LOCAL, 9679 bytes)","logger":"airflow.task.hooks.airflow.providers.standard.hooks.subprocess.SubprocessHook","filename":"subprocess.py","lineno":99}
{"timestamp":"2026-01-14T04:33:15.882062Z","level":"info","event":"26/01/14 04:33:15 INFO TaskSetManager: Lost task 0.1 in stage 0.0 (TID 1) on 172.18.0.4, executor 0: org.apache.spark.api.python.PythonException (Traceback (most recent call last):","logger":"airflow.task.hooks.airflow.providers.standard.hooks.subprocess.SubprocessHook","filename":"subprocess.py","lineno":99}
{"timestamp":"2026-01-14T04:33:15.882149Z","level":"info","event":"  File \"/opt/spark/python/lib/pyspark.zip/pyspark/worker.py\", line 3305, in main","logger":"airflow.task.hooks.airflow.providers.standard.hooks.subprocess.SubprocessHook","filename":"subprocess.py","lineno":99}
{"timestamp":"2026-01-14T04:33:15.882168Z","level":"info","event":"    check_python_version(infile)","logger":"airflow.task.hooks.airflow.providers.standard.hooks.subprocess.SubprocessHook","filename":"subprocess.py","lineno":99}
{"timestamp":"2026-01-14T04:33:15.882181Z","level":"info","event":"  File \"/opt/spark/python/lib/pyspark.zip/pyspark/worker_util.py\", line 77, in check_python_version","logger":"airflow.task.hooks.airflow.providers.standard.hooks.subprocess.SubprocessHook","filename":"subprocess.py","lineno":99}
{"timestamp":"2026-01-14T04:33:15.882192Z","level":"info","event":"    raise PySparkRuntimeError(","logger":"airflow.task.hooks.airflow.providers.standard.hooks.subprocess.SubprocessHook","filename":"subprocess.py","lineno":99}
{"timestamp":"2026-01-14T04:33:15.882202Z","level":"info","event":"pyspark.errors.exceptions.base.PySparkRuntimeError: [PYTHON_VERSION_MISMATCH] Python in worker has different version: 3.10 than that in driver: 3.12, PySpark cannot run with different minor versions.","logger":"airflow.task.hooks.airflow.providers.standard.hooks.subprocess.SubprocessHook","filename":"subprocess.py","lineno":99}
{"timestamp":"2026-01-14T04:33:15.882213Z","level":"info","event":"Please check environment variables PYSPARK_PYTHON and PYSPARK_DRIVER_PYTHON are correctly set.","logger":"airflow.task.hooks.airflow.providers.standard.hooks.subprocess.SubprocessHook","filename":"subprocess.py","lineno":99}
{"timestamp":"2026-01-14T04:33:15.882223Z","level":"info","event":") [duplicate 1]","logger":"airflow.task.hooks.airflow.providers.standard.hooks.subprocess.SubprocessHook","filename":"subprocess.py","lineno":99}
{"timestamp":"2026-01-14T04:33:15.882675Z","level":"info","event":"26/01/14 04:33:15 INFO TaskSetManager: Starting task 0.2 in stage 0.0 (TID 2) (172.18.0.4,executor 0, partition 0, PROCESS_LOCAL, 9679 bytes)","logger":"airflow.task.hooks.airflow.providers.standard.hooks.subprocess.SubprocessHook","filename":"subprocess.py","lineno":99}
{"timestamp":"2026-01-14T04:33:15.892840Z","level":"info","event":"26/01/14 04:33:15 INFO TaskSetManager: Lost task 0.2 in stage 0.0 (TID 2) on 172.18.0.4, executor 0: org.apache.spark.api.python.PythonException (Traceback (most recent call last):","logger":"airflow.task.hooks.airflow.providers.standard.hooks.subprocess.SubprocessHook","filename":"subprocess.py","lineno":99}
{"timestamp":"2026-01-14T04:33:15.892912Z","level":"info","event":"  File \"/opt/spark/python/lib/pyspark.zip/pyspark/worker.py\", line 3305, in main","logger":"airflow.task.hooks.airflow.providers.standard.hooks.subprocess.SubprocessHook","filename":"subprocess.py","lineno":99}
{"timestamp":"2026-01-14T04:33:15.892931Z","level":"info","event":"    check_python_version(infile)","logger":"airflow.task.hooks.airflow.providers.standard.hooks.subprocess.SubprocessHook","filename":"subprocess.py","lineno":99}
{"timestamp":"2026-01-14T04:33:15.892942Z","level":"info","event":"  File \"/opt/spark/python/lib/pyspark.zip/pyspark/worker_util.py\", line 77, in check_python_version","logger":"airflow.task.hooks.airflow.providers.standard.hooks.subprocess.SubprocessHook","filename":"subprocess.py","lineno":99}
{"timestamp":"2026-01-14T04:33:15.892954Z","level":"info","event":"    raise PySparkRuntimeError(","logger":"airflow.task.hooks.airflow.providers.standard.hooks.subprocess.SubprocessHook","filename":"subprocess.py","lineno":99}
{"timestamp":"2026-01-14T04:33:15.892964Z","level":"info","event":"pyspark.errors.exceptions.base.PySparkRuntimeError: [PYTHON_VERSION_MISMATCH] Python in worker has different version: 3.10 than that in driver: 3.12, PySpark cannot run with different minor versions.","logger":"airflow.task.hooks.airflow.providers.standard.hooks.subprocess.SubprocessHook","filename":"subprocess.py","lineno":99}
{"timestamp":"2026-01-14T04:33:15.892975Z","level":"info","event":"Please check environment variables PYSPARK_PYTHON and PYSPARK_DRIVER_PYTHON are correctly set.","logger":"airflow.task.hooks.airflow.providers.standard.hooks.subprocess.SubprocessHook","filename":"subprocess.py","lineno":99}
{"timestamp":"2026-01-14T04:33:15.892985Z","level":"info","event":") [duplicate 2]","logger":"airflow.task.hooks.airflow.providers.standard.hooks.subprocess.SubprocessHook","filename":"subprocess.py","lineno":99}
{"timestamp":"2026-01-14T04:33:15.893274Z","level":"info","event":"26/01/14 04:33:15 INFO TaskSetManager: Starting task 0.3 in stage 0.0 (TID 3) (172.18.0.4,executor 0, partition 0, PROCESS_LOCAL, 9679 bytes)","logger":"airflow.task.hooks.airflow.providers.standard.hooks.subprocess.SubprocessHook","filename":"subprocess.py","lineno":99}
{"timestamp":"2026-01-14T04:33:15.906518Z","level":"info","event":"26/01/14 04:33:15 INFO TaskSetManager: Lost task 0.3 in stage 0.0 (TID 3) on 172.18.0.4, executor 0: org.apache.spark.api.python.PythonException (Traceback (most recent call last):","logger":"airflow.task.hooks.airflow.providers.standard.hooks.subprocess.SubprocessHook","filename":"subprocess.py","lineno":99}
{"timestamp":"2026-01-14T04:33:15.906616Z","level":"info","event":"  File \"/opt/spark/python/lib/pyspark.zip/pyspark/worker.py\", line 3305, in main","logger":"airflow.task.hooks.airflow.providers.standard.hooks.subprocess.SubprocessHook","filename":"subprocess.py","lineno":99}
{"timestamp":"2026-01-14T04:33:15.906633Z","level":"info","event":"    check_python_version(infile)","logger":"airflow.task.hooks.airflow.providers.standard.hooks.subprocess.SubprocessHook","filename":"subprocess.py","lineno":99}
{"timestamp":"2026-01-14T04:33:15.906645Z","level":"info","event":"  File \"/opt/spark/python/lib/pyspark.zip/pyspark/worker_util.py\", line 77, in check_python_version","logger":"airflow.task.hooks.airflow.providers.standard.hooks.subprocess.SubprocessHook","filename":"subprocess.py","lineno":99}
{"timestamp":"2026-01-14T04:33:15.906657Z","level":"info","event":"    raise PySparkRuntimeError(","logger":"airflow.task.hooks.airflow.providers.standard.hooks.subprocess.SubprocessHook","filename":"subprocess.py","lineno":99}
{"timestamp":"2026-01-14T04:33:15.906667Z","level":"info","event":"pyspark.errors.exceptions.base.PySparkRuntimeError: [PYTHON_VERSION_MISMATCH] Python in worker has different version: 3.10 than that in driver: 3.12, PySpark cannot run with different minor versions.","logger":"airflow.task.hooks.airflow.providers.standard.hooks.subprocess.SubprocessHook","filename":"subprocess.py","lineno":99}
{"timestamp":"2026-01-14T04:33:15.906678Z","level":"info","event":"Please check environment variables PYSPARK_PYTHON and PYSPARK_DRIVER_PYTHON are correctly set.","logger":"airflow.task.hooks.airflow.providers.standard.hooks.subprocess.SubprocessHook","filename":"subprocess.py","lineno":99}
{"timestamp":"2026-01-14T04:33:15.906688Z","level":"info","event":") [duplicate 3]","logger":"airflow.task.hooks.airflow.providers.standard.hooks.subprocess.SubprocessHook","filename":"subprocess.py","lineno":99}
{"timestamp":"2026-01-14T04:33:15.906932Z","level":"info","event":"26/01/14 04:33:15 ERROR TaskSetManager: Task 0 in stage 0.0 failed 4 times; aborting job","logger":"airflow.task.hooks.airflow.providers.standard.hooks.subprocess.SubprocessHook","filename":"subprocess.py","lineno":99}
{"timestamp":"2026-01-14T04:33:15.907578Z","level":"info","event":"26/01/14 04:33:15 INFO TaskSchedulerImpl: Removed TaskSet 0.0 whose tasks have all completed, from pool","logger":"airflow.task.hooks.airflow.providers.standard.hooks.subprocess.SubprocessHook","filename":"subprocess.py","lineno":99}
{"timestamp":"2026-01-14T04:33:15.908407Z","level":"info","event":"26/01/14 04:33:15 INFO TaskSchedulerImpl: Canceling stage 0","logger":"airflow.task.hooks.airflow.providers.standard.hooks.subprocess.SubprocessHook","filename":"subprocess.py","lineno":99}
{"timestamp":"2026-01-14T04:33:15.908774Z","level":"info","event":"26/01/14 04:33:15 INFO TaskSchedulerImpl: Killing all running tasks in stage 0: Job aborted due to stage failure: Task 0 in stage 0.0 failed 4 times, most recent failure: Lost task 0.3 in stage 0.0 (TID 3) (172.18.0.4 executor 0): org.apache.spark.api.python.PythonException: Traceback (most recent call last):","logger":"airflow.task.hooks.airflow.providers.standard.hooks.subprocess.SubprocessHook","filename":"subprocess.py","lineno":99}
{"timestamp":"2026-01-14T04:33:15.908796Z","level":"info","event":"  File \"/opt/spark/python/lib/pyspark.zip/pyspark/worker.py\", line 3305, in main","logger":"airflow.task.hooks.airflow.providers.standard.hooks.subprocess.SubprocessHook","filename":"subprocess.py","lineno":99}
{"timestamp":"2026-01-14T04:33:15.908816Z","level":"info","event":"    check_python_version(infile)","logger":"airflow.task.hooks.airflow.providers.standard.hooks.subprocess.SubprocessHook","filename":"subprocess.py","lineno":99}
{"timestamp":"2026-01-14T04:33:15.908827Z","level":"info","event":"  File \"/opt/spark/python/lib/pyspark.zip/pyspark/worker_util.py\", line 77, in check_python_version","logger":"airflow.task.hooks.airflow.providers.standard.hooks.subprocess.SubprocessHook","filename":"subprocess.py","lineno":99}
{"timestamp":"2026-01-14T04:33:15.908838Z","level":"info","event":"    raise PySparkRuntimeError(","logger":"airflow.task.hooks.airflow.providers.standard.hooks.subprocess.SubprocessHook","filename":"subprocess.py","lineno":99}
{"timestamp":"2026-01-14T04:33:15.908848Z","level":"info","event":"pyspark.errors.exceptions.base.PySparkRuntimeError: [PYTHON_VERSION_MISMATCH] Python in worker has different version: 3.10 than that in driver: 3.12, PySpark cannot run with different minor versions.","logger":"airflow.task.hooks.airflow.providers.standard.hooks.subprocess.SubprocessHook","filename":"subprocess.py","lineno":99}
{"timestamp":"2026-01-14T04:33:15.908858Z","level":"info","event":"Please check environment variables PYSPARK_PYTHON and PYSPARK_DRIVER_PYTHON are correctly set.","logger":"airflow.task.hooks.airflow.providers.standard.hooks.subprocess.SubprocessHook","filename":"subprocess.py","lineno":99}
{"timestamp":"2026-01-14T04:33:15.908868Z","level":"info","event":"","logger":"airflow.task.hooks.airflow.providers.standard.hooks.subprocess.SubprocessHook","filename":"subprocess.py","lineno":99}
{"timestamp":"2026-01-14T04:33:15.908879Z","level":"info","event":"\tat org.apache.spark.api.python.BasePythonRunner$ReaderIterator.handlePythonException(PythonRunner.scala:645)","logger":"airflow.task.hooks.airflow.providers.standard.hooks.subprocess.SubprocessHook","filename":"subprocess.py","lineno":99}
{"timestamp":"2026-01-14T04:33:15.908889Z","level":"info","event":"\tat org.apache.spark.api.python.PythonRunner$$anon$3.read(PythonRunner.scala:1029)","logger":"airflow.task.hooks.airflow.providers.standard.hooks.subprocess.SubprocessHook","filename":"subprocess.py","lineno":99}
{"timestamp":"2026-01-14T04:33:15.908898Z","level":"info","event":"\tat org.apache.spark.api.python.PythonRunner$$anon$3.read(PythonRunner.scala:1014)","logger":"airflow.task.hooks.airflow.providers.standard.hooks.subprocess.SubprocessHook","filename":"subprocess.py","lineno":99}
{"timestamp":"2026-01-14T04:33:15.908907Z","level":"info","event":"\tat org.apache.spark.api.python.BasePythonRunner$ReaderIterator.hasNext(PythonRunner.scala:596)","logger":"airflow.task.hooks.airflow.providers.standard.hooks.subprocess.SubprocessHook","filename":"subprocess.py","lineno":99}
{"timestamp":"2026-01-14T04:33:15.908917Z","level":"info","event":"\tat org.apache.spark.InterruptibleIterator.hasNext(InterruptibleIterator.scala:37)","logger":"airflow.task.hooks.airflow.providers.standard.hooks.subprocess.SubprocessHook","filename":"subprocess.py","lineno":99}
{"timestamp":"2026-01-14T04:33:15.908926Z","level":"info","event":"\tat scala.collection.Iterator$$anon$10.hasNext(Iterator.scala:611)","logger":"airflow.task.hooks.airflow.providers.standard.hooks.subprocess.SubprocessHook","filename":"subprocess.py","lineno":99}
{"timestamp":"2026-01-14T04:33:15.908935Z","level":"info","event":"\tat scala.collection.Iterator$$anon$9.hasNext(Iterator.scala:593)","logger":"airflow.task.hooks.airflow.providers.standard.hooks.subprocess.SubprocessHook","filename":"subprocess.py","lineno":99}
{"timestamp":"2026-01-14T04:33:15.908945Z","level":"info","event":"\tat scala.collection.Iterator$$anon$9.hasNext(Iterator.scala:593)","logger":"airflow.task.hooks.airflow.providers.standard.hooks.subprocess.SubprocessHook","filename":"subprocess.py","lineno":99}
{"timestamp":"2026-01-14T04:33:15.908954Z","level":"info","event":"\tat org.apache.spark.sql.catalyst.expressions.GeneratedClass$GeneratedIteratorForCodegenStage1.processNext(Unknown Source)","logger":"airflow.task.hooks.airflow.providers.standard.hooks.subprocess.SubprocessHook","filename":"subprocess.py","lineno":99}
{"timestamp":"2026-01-14T04:33:15.908963Z","level":"info","event":"\tat org.apache.spark.sql.execution.BufferedRowIterator.hasNext(BufferedRowIterator.java:43)","logger":"airflow.task.hooks.airflow.providers.standard.hooks.subprocess.SubprocessHook","filename":"subprocess.py","lineno":99}
{"timestamp":"2026-01-14T04:33:15.908973Z","level":"info","event":"\tat org.apache.spark.sql.execution.WholeStageCodegenEvaluatorFactory$WholeStageCodegenPartitionEvaluator$$anon$1.hasNext(WholeStageCodegenEvaluatorFactory.scala:50)","logger":"airflow.task.hooks.airflow.providers.standard.hooks.subprocess.SubprocessHook","filename":"subprocess.py","lineno":99}
{"timestamp":"2026-01-14T04:33:15.908982Z","level":"info","event":"\tat org.apache.spark.sql.execution.SparkPlan.$anonfun$getByteArrayRdd$1(SparkPlan.scala:402)","logger":"airflow.task.hooks.airflow.providers.standard.hooks.subprocess.SubprocessHook","filename":"subprocess.py","lineno":99}
{"timestamp":"2026-01-14T04:33:15.908991Z","level":"info","event":"\tat org.apache.spark.rdd.RDD.$anonfun$mapPartitionsInternal$2(RDD.scala:901)","logger":"airflow.task.hooks.airflow.providers.standard.hooks.subprocess.SubprocessHook","filename":"subprocess.py","lineno":99}
{"timestamp":"2026-01-14T04:33:15.909000Z","level":"info","event":"\tat org.apache.spark.rdd.RDD.$anonfun$mapPartitionsInternal$2$adapted(RDD.scala:901)","logger":"airflow.task.hooks.airflow.providers.standard.hooks.subprocess.SubprocessHook","filename":"subprocess.py","lineno":99}
{"timestamp":"2026-01-14T04:33:15.909009Z","level":"info","event":"\tat org.apache.spark.rdd.MapPartitionsRDD.compute(MapPartitionsRDD.scala:52)","logger":"airflow.task.hooks.airflow.providers.standard.hooks.subprocess.SubprocessHook","filename":"subprocess.py","lineno":99}
{"timestamp":"2026-01-14T04:33:15.909018Z","level":"info","event":"\tat org.apache.spark.rdd.RDD.computeOrReadCheckpoint(RDD.scala:374)","logger":"airflow.task.hooks.airflow.providers.standard.hooks.subprocess.SubprocessHook","filename":"subprocess.py","lineno":99}
{"timestamp":"2026-01-14T04:33:15.909027Z","level":"info","event":"\tat org.apache.spark.rdd.RDD.iterator(RDD.scala:338)","logger":"airflow.task.hooks.airflow.providers.standard.hooks.subprocess.SubprocessHook","filename":"subprocess.py","lineno":99}
{"timestamp":"2026-01-14T04:33:15.909036Z","level":"info","event":"\tat org.apache.spark.scheduler.ResultTask.runTask(ResultTask.scala:93)","logger":"airflow.task.hooks.airflow.providers.standard.hooks.subprocess.SubprocessHook","filename":"subprocess.py","lineno":99}
{"timestamp":"2026-01-14T04:33:15.909045Z","level":"info","event":"\tat org.apache.spark.TaskContext.runTaskWithListeners(TaskContext.scala:180)","logger":"airflow.task.hooks.airflow.providers.standard.hooks.subprocess.SubprocessHook","filename":"subprocess.py","lineno":99}
{"timestamp":"2026-01-14T04:33:15.909054Z","level":"info","event":"\tat org.apache.spark.scheduler.Task.run(Task.scala:147)","logger":"airflow.task.hooks.airflow.providers.standard.hooks.subprocess.SubprocessHook","filename":"subprocess.py","lineno":99}
{"timestamp":"2026-01-14T04:33:15.909064Z","level":"info","event":"\tat org.apache.spark.executor.Executor$TaskRunner.$anonfun$run$5(Executor.scala:716)","logger":"airflow.task.hooks.airflow.providers.standard.hooks.subprocess.SubprocessHook","filename":"subprocess.py","lineno":99}
{"timestamp":"2026-01-14T04:33:15.909081Z","level":"info","event":"\tat org.apache.spark.util.SparkErrorUtils.tryWithSafeFinally(SparkErrorUtils.scala:86)","logger":"airflow.task.hooks.airflow.providers.standard.hooks.subprocess.SubprocessHook","filename":"subprocess.py","lineno":99}
{"timestamp":"2026-01-14T04:33:15.909091Z","level":"info","event":"\tat org.apache.spark.util.SparkErrorUtils.tryWithSafeFinally$(SparkErrorUtils.scala:83)","logger":"airflow.task.hooks.airflow.providers.standard.hooks.subprocess.SubprocessHook","filename":"subprocess.py","lineno":99}
{"timestamp":"2026-01-14T04:33:15.909100Z","level":"info","event":"\tat org.apache.spark.util.Utils$.tryWithSafeFinally(Utils.scala:97)","logger":"airflow.task.hooks.airflow.providers.standard.hooks.subprocess.SubprocessHook","filename":"subprocess.py","lineno":99}
{"timestamp":"2026-01-14T04:33:15.909109Z","level":"info","event":"\tat org.apache.spark.executor.Executor$TaskRunner.run(Executor.scala:719)","logger":"airflow.task.hooks.airflow.providers.standard.hooks.subprocess.SubprocessHook","filename":"subprocess.py","lineno":99}
{"timestamp":"2026-01-14T04:33:15.909118Z","level":"info","event":"\tat java.base/java.util.concurrent.ThreadPoolExecutor.runWorker(ThreadPoolExecutor.java:1144)","logger":"airflow.task.hooks.airflow.providers.standard.hooks.subprocess.SubprocessHook","filename":"subprocess.py","lineno":99}
{"timestamp":"2026-01-14T04:33:15.909127Z","level":"info","event":"\tat java.base/java.util.concurrent.ThreadPoolExecutor$Worker.run(ThreadPoolExecutor.java:642)","logger":"airflow.task.hooks.airflow.providers.standard.hooks.subprocess.SubprocessHook","filename":"subprocess.py","lineno":99}
{"timestamp":"2026-01-14T04:33:15.909145Z","level":"info","event":"\tat java.base/java.lang.Thread.run(Thread.java:1583)","logger":"airflow.task.hooks.airflow.providers.standard.hooks.subprocess.SubprocessHook","filename":"subprocess.py","lineno":99}
{"timestamp":"2026-01-14T04:33:15.909154Z","level":"info","event":"","logger":"airflow.task.hooks.airflow.providers.standard.hooks.subprocess.SubprocessHook","filename":"subprocess.py","lineno":99}
{"timestamp":"2026-01-14T04:33:15.909163Z","level":"info","event":"Driver stacktrace:","logger":"airflow.task.hooks.airflow.providers.standard.hooks.subprocess.SubprocessHook","filename":"subprocess.py","lineno":99}
{"timestamp":"2026-01-14T04:33:15.909399Z","level":"info","event":"26/01/14 04:33:15 INFO DAGScheduler: ResultStage 0 (showString at NativeMethodAccessorImpl.java:0) failed in 679 ms due to Job aborted due to stage failure: Task 0 in stage 0.0 failed 4 times, most recent failure: Lost task 0.3 in stage 0.0 (TID 3) (172.18.0.4 executor 0): org.apache.spark.api.python.PythonException: Traceback (most recent call last):","logger":"airflow.task.hooks.airflow.providers.standard.hooks.subprocess.SubprocessHook","filename":"subprocess.py","lineno":99}
{"timestamp":"2026-01-14T04:33:15.909415Z","level":"info","event":"  File \"/opt/spark/python/lib/pyspark.zip/pyspark/worker.py\", line 3305, in main","logger":"airflow.task.hooks.airflow.providers.standard.hooks.subprocess.SubprocessHook","filename":"subprocess.py","lineno":99}
{"timestamp":"2026-01-14T04:33:15.909425Z","level":"info","event":"    check_python_version(infile)","logger":"airflow.task.hooks.airflow.providers.standard.hooks.subprocess.SubprocessHook","filename":"subprocess.py","lineno":99}
{"timestamp":"2026-01-14T04:33:15.909436Z","level":"info","event":"  File \"/opt/spark/python/lib/pyspark.zip/pyspark/worker_util.py\", line 77, in check_python_version","logger":"airflow.task.hooks.airflow.providers.standard.hooks.subprocess.SubprocessHook","filename":"subprocess.py","lineno":99}
{"timestamp":"2026-01-14T04:33:15.909445Z","level":"info","event":"    raise PySparkRuntimeError(","logger":"airflow.task.hooks.airflow.providers.standard.hooks.subprocess.SubprocessHook","filename":"subprocess.py","lineno":99}
{"timestamp":"2026-01-14T04:33:15.909454Z","level":"info","event":"pyspark.errors.exceptions.base.PySparkRuntimeError: [PYTHON_VERSION_MISMATCH] Python in worker has different version: 3.10 than that in driver: 3.12, PySpark cannot run with different minor versions.","logger":"airflow.task.hooks.airflow.providers.standard.hooks.subprocess.SubprocessHook","filename":"subprocess.py","lineno":99}
{"timestamp":"2026-01-14T04:33:15.909463Z","level":"info","event":"Please check environment variables PYSPARK_PYTHON and PYSPARK_DRIVER_PYTHON are correctly set.","logger":"airflow.task.hooks.airflow.providers.standard.hooks.subprocess.SubprocessHook","filename":"subprocess.py","lineno":99}
{"timestamp":"2026-01-14T04:33:15.909473Z","level":"info","event":"","logger":"airflow.task.hooks.airflow.providers.standard.hooks.subprocess.SubprocessHook","filename":"subprocess.py","lineno":99}
{"timestamp":"2026-01-14T04:33:15.909482Z","level":"info","event":"\tat org.apache.spark.api.python.BasePythonRunner$ReaderIterator.handlePythonException(PythonRunner.scala:645)","logger":"airflow.task.hooks.airflow.providers.standard.hooks.subprocess.SubprocessHook","filename":"subprocess.py","lineno":99}
{"timestamp":"2026-01-14T04:33:15.909491Z","level":"info","event":"\tat org.apache.spark.api.python.PythonRunner$$anon$3.read(PythonRunner.scala:1029)","logger":"airflow.task.hooks.airflow.providers.standard.hooks.subprocess.SubprocessHook","filename":"subprocess.py","lineno":99}
{"timestamp":"2026-01-14T04:33:15.909499Z","level":"info","event":"\tat org.apache.spark.api.python.PythonRunner$$anon$3.read(PythonRunner.scala:1014)","logger":"airflow.task.hooks.airflow.providers.standard.hooks.subprocess.SubprocessHook","filename":"subprocess.py","lineno":99}
{"timestamp":"2026-01-14T04:33:15.909508Z","level":"info","event":"\tat org.apache.spark.api.python.BasePythonRunner$ReaderIterator.hasNext(PythonRunner.scala:596)","logger":"airflow.task.hooks.airflow.providers.standard.hooks.subprocess.SubprocessHook","filename":"subprocess.py","lineno":99}
{"timestamp":"2026-01-14T04:33:15.909517Z","level":"info","event":"\tat org.apache.spark.InterruptibleIterator.hasNext(InterruptibleIterator.scala:37)","logger":"airflow.task.hooks.airflow.providers.standard.hooks.subprocess.SubprocessHook","filename":"subprocess.py","lineno":99}
{"timestamp":"2026-01-14T04:33:15.909533Z","level":"info","event":"\tat scala.collection.Iterator$$anon$10.hasNext(Iterator.scala:611)","logger":"airflow.task.hooks.airflow.providers.standard.hooks.subprocess.SubprocessHook","filename":"subprocess.py","lineno":99}
{"timestamp":"2026-01-14T04:33:15.909543Z","level":"info","event":"\tat scala.collection.Iterator$$anon$9.hasNext(Iterator.scala:593)","logger":"airflow.task.hooks.airflow.providers.standard.hooks.subprocess.SubprocessHook","filename":"subprocess.py","lineno":99}
{"timestamp":"2026-01-14T04:33:15.909552Z","level":"info","event":"\tat scala.collection.Iterator$$anon$9.hasNext(Iterator.scala:593)","logger":"airflow.task.hooks.airflow.providers.standard.hooks.subprocess.SubprocessHook","filename":"subprocess.py","lineno":99}
{"timestamp":"2026-01-14T04:33:15.909561Z","level":"info","event":"\tat org.apache.spark.sql.catalyst.expressions.GeneratedClass$GeneratedIteratorForCodegenStage1.processNext(Unknown Source)","logger":"airflow.task.hooks.airflow.providers.standard.hooks.subprocess.SubprocessHook","filename":"subprocess.py","lineno":99}
{"timestamp":"2026-01-14T04:33:15.909570Z","level":"info","event":"\tat org.apache.spark.sql.execution.BufferedRowIterator.hasNext(BufferedRowIterator.java:43)","logger":"airflow.task.hooks.airflow.providers.standard.hooks.subprocess.SubprocessHook","filename":"subprocess.py","lineno":99}
{"timestamp":"2026-01-14T04:33:15.909580Z","level":"info","event":"\tat org.apache.spark.sql.execution.WholeStageCodegenEvaluatorFactory$WholeStageCodegenPartitionEvaluator$$anon$1.hasNext(WholeStageCodegenEvaluatorFactory.scala:50)","logger":"airflow.task.hooks.airflow.providers.standard.hooks.subprocess.SubprocessHook","filename":"subprocess.py","lineno":99}
{"timestamp":"2026-01-14T04:33:15.909602Z","level":"info","event":"\tat org.apache.spark.sql.execution.SparkPlan.$anonfun$getByteArrayRdd$1(SparkPlan.scala:402)","logger":"airflow.task.hooks.airflow.providers.standard.hooks.subprocess.SubprocessHook","filename":"subprocess.py","lineno":99}
{"timestamp":"2026-01-14T04:33:15.909612Z","level":"info","event":"\tat org.apache.spark.rdd.RDD.$anonfun$mapPartitionsInternal$2(RDD.scala:901)","logger":"airflow.task.hooks.airflow.providers.standard.hooks.subprocess.SubprocessHook","filename":"subprocess.py","lineno":99}
{"timestamp":"2026-01-14T04:33:15.909628Z","level":"info","event":"\tat org.apache.spark.rdd.RDD.$anonfun$mapPartitionsInternal$2$adapted(RDD.scala:901)","logger":"airflow.task.hooks.airflow.providers.standard.hooks.subprocess.SubprocessHook","filename":"subprocess.py","lineno":99}
{"timestamp":"2026-01-14T04:33:15.909638Z","level":"info","event":"\tat org.apache.spark.rdd.MapPartitionsRDD.compute(MapPartitionsRDD.scala:52)","logger":"airflow.task.hooks.airflow.providers.standard.hooks.subprocess.SubprocessHook","filename":"subprocess.py","lineno":99}
{"timestamp":"2026-01-14T04:33:15.909647Z","level":"info","event":"\tat org.apache.spark.rdd.RDD.computeOrReadCheckpoint(RDD.scala:374)","logger":"airflow.task.hooks.airflow.providers.standard.hooks.subprocess.SubprocessHook","filename":"subprocess.py","lineno":99}
{"timestamp":"2026-01-14T04:33:15.909656Z","level":"info","event":"\tat org.apache.spark.rdd.RDD.iterator(RDD.scala:338)","logger":"airflow.task.hooks.airflow.providers.standard.hooks.subprocess.SubprocessHook","filename":"subprocess.py","lineno":99}
{"timestamp":"2026-01-14T04:33:15.909681Z","level":"info","event":"\tat org.apache.spark.scheduler.ResultTask.runTask(ResultTask.scala:93)","logger":"airflow.task.hooks.airflow.providers.standard.hooks.subprocess.SubprocessHook","filename":"subprocess.py","lineno":99}
{"timestamp":"2026-01-14T04:33:15.909696Z","level":"info","event":"\tat org.apache.spark.TaskContext.runTaskWithListeners(TaskContext.scala:180)","logger":"airflow.task.hooks.airflow.providers.standard.hooks.subprocess.SubprocessHook","filename":"subprocess.py","lineno":99}
{"timestamp":"2026-01-14T04:33:15.909705Z","level":"info","event":"\tat org.apache.spark.scheduler.Task.run(Task.scala:147)","logger":"airflow.task.hooks.airflow.providers.standard.hooks.subprocess.SubprocessHook","filename":"subprocess.py","lineno":99}
{"timestamp":"2026-01-14T04:33:15.909713Z","level":"info","event":"\tat org.apache.spark.executor.Executor$TaskRunner.$anonfun$run$5(Executor.scala:716)","logger":"airflow.task.hooks.airflow.providers.standard.hooks.subprocess.SubprocessHook","filename":"subprocess.py","lineno":99}
{"timestamp":"2026-01-14T04:33:15.909723Z","level":"info","event":"\tat org.apache.spark.util.SparkErrorUtils.tryWithSafeFinally(SparkErrorUtils.scala:86)","logger":"airflow.task.hooks.airflow.providers.standard.hooks.subprocess.SubprocessHook","filename":"subprocess.py","lineno":99}
{"timestamp":"2026-01-14T04:33:15.909732Z","level":"info","event":"\tat org.apache.spark.util.SparkErrorUtils.tryWithSafeFinally$(SparkErrorUtils.scala:83)","logger":"airflow.task.hooks.airflow.providers.standard.hooks.subprocess.SubprocessHook","filename":"subprocess.py","lineno":99}
{"timestamp":"2026-01-14T04:33:15.909740Z","level":"info","event":"\tat org.apache.spark.util.Utils$.tryWithSafeFinally(Utils.scala:97)","logger":"airflow.task.hooks.airflow.providers.standard.hooks.subprocess.SubprocessHook","filename":"subprocess.py","lineno":99}
{"timestamp":"2026-01-14T04:33:15.909751Z","level":"info","event":"\tat org.apache.spark.executor.Executor$TaskRunner.run(Executor.scala:719)","logger":"airflow.task.hooks.airflow.providers.standard.hooks.subprocess.SubprocessHook","filename":"subprocess.py","lineno":99}
{"timestamp":"2026-01-14T04:33:15.909768Z","level":"info","event":"\tat java.base/java.util.concurrent.ThreadPoolExecutor.runWorker(ThreadPoolExecutor.java:1144)","logger":"airflow.task.hooks.airflow.providers.standard.hooks.subprocess.SubprocessHook","filename":"subprocess.py","lineno":99}
{"timestamp":"2026-01-14T04:33:15.909783Z","level":"info","event":"\tat java.base/java.util.concurrent.ThreadPoolExecutor$Worker.run(ThreadPoolExecutor.java:642)","logger":"airflow.task.hooks.airflow.providers.standard.hooks.subprocess.SubprocessHook","filename":"subprocess.py","lineno":99}
{"timestamp":"2026-01-14T04:33:15.909793Z","level":"info","event":"\tat java.base/java.lang.Thread.run(Thread.java:1583)","logger":"airflow.task.hooks.airflow.providers.standard.hooks.subprocess.SubprocessHook","filename":"subprocess.py","lineno":99}
{"timestamp":"2026-01-14T04:33:15.909802Z","level":"info","event":"","logger":"airflow.task.hooks.airflow.providers.standard.hooks.subprocess.SubprocessHook","filename":"subprocess.py","lineno":99}
{"timestamp":"2026-01-14T04:33:15.909811Z","level":"info","event":"Driver stacktrace:","logger":"airflow.task.hooks.airflow.providers.standard.hooks.subprocess.SubprocessHook","filename":"subprocess.py","lineno":99}
{"timestamp":"2026-01-14T04:33:15.910655Z","level":"info","event":"26/01/14 04:33:15 INFO DAGScheduler: Job 0 failed: showString at NativeMethodAccessorImpl.java:0, took 688.958751 ms","logger":"airflow.task.hooks.airflow.providers.standard.hooks.subprocess.SubprocessHook","filename":"subprocess.py","lineno":99}
{"timestamp":"2026-01-14T04:33:15.976072Z","level":"info","event":"Traceback (most recent call last):","logger":"airflow.task.hooks.airflow.providers.standard.hooks.subprocess.SubprocessHook","filename":"subprocess.py","lineno":99}
{"timestamp":"2026-01-14T04:33:15.976146Z","level":"info","event":"  File \"/opt/spark/jobs/hello_world.py\", line 11, in <module>","logger":"airflow.task.hooks.airflow.providers.standard.hooks.subprocess.SubprocessHook","filename":"subprocess.py","lineno":99}
{"timestamp":"2026-01-14T04:33:15.976356Z","level":"info","event":"    df.show()","logger":"airflow.task.hooks.airflow.providers.standard.hooks.subprocess.SubprocessHook","filename":"subprocess.py","lineno":99}
{"timestamp":"2026-01-14T04:33:15.976390Z","level":"info","event":"  File \"/opt/spark-4.1.1-bin-hadoop3/python/lib/pyspark.zip/pyspark/sql/classic/dataframe.py\", line 285, in show","logger":"airflow.task.hooks.airflow.providers.standard.hooks.subprocess.SubprocessHook","filename":"subprocess.py","lineno":99}
{"timestamp":"2026-01-14T04:33:15.976663Z","level":"info","event":"  File \"/opt/spark-4.1.1-bin-hadoop3/python/lib/pyspark.zip/pyspark/sql/classic/dataframe.py\", line 303, in _show_string","logger":"airflow.task.hooks.airflow.providers.standard.hooks.subprocess.SubprocessHook","filename":"subprocess.py","lineno":99}
{"timestamp":"2026-01-14T04:33:15.976836Z","level":"info","event":"  File \"/opt/spark-4.1.1-bin-hadoop3/python/lib/py4j-0.10.9.9-src.zip/py4j/java_gateway.py\", line 1362, in __call__","logger":"airflow.task.hooks.airflow.providers.standard.hooks.subprocess.SubprocessHook","filename":"subprocess.py","lineno":99}
{"timestamp":"2026-01-14T04:33:15.976965Z","level":"info","event":"  File \"/opt/spark-4.1.1-bin-hadoop3/python/lib/pyspark.zip/pyspark/errors/exceptions/captured.py\", line 263, in deco","logger":"airflow.task.hooks.airflow.providers.standard.hooks.subprocess.SubprocessHook","filename":"subprocess.py","lineno":99}
{"timestamp":"2026-01-14T04:33:15.977110Z","level":"info","event":"  File \"/opt/spark-4.1.1-bin-hadoop3/python/lib/py4j-0.10.9.9-src.zip/py4j/protocol.py\", line 327, in get_return_value","logger":"airflow.task.hooks.airflow.providers.standard.hooks.subprocess.SubprocessHook","filename":"subprocess.py","lineno":99}
{"timestamp":"2026-01-14T04:33:16.018038Z","level":"info","event":"py4j.protocol.Py4JJavaError: An error occurred while calling o46.showString.","logger":"airflow.task.hooks.airflow.providers.standard.hooks.subprocess.SubprocessHook","filename":"subprocess.py","lineno":99}
{"timestamp":"2026-01-14T04:33:16.018081Z","level":"info","event":": org.apache.spark.SparkException: Job aborted due to stage failure: Task 0 in stage 0.0 failed 4 times, most recent failure: Lost task 0.3 in stage 0.0 (TID 3) (172.18.0.4 executor 0): org.apache.spark.api.python.PythonException: Traceback (most recent call last):","logger":"airflow.task.hooks.airflow.providers.standard.hooks.subprocess.SubprocessHook","filename":"subprocess.py","lineno":99}
{"timestamp":"2026-01-14T04:33:16.018099Z","level":"info","event":"  File \"/opt/spark/python/lib/pyspark.zip/pyspark/worker.py\", line 3305, in main","logger":"airflow.task.hooks.airflow.providers.standard.hooks.subprocess.SubprocessHook","filename":"subprocess.py","lineno":99}
{"timestamp":"2026-01-14T04:33:16.018112Z","level":"info","event":"    check_python_version(infile)","logger":"airflow.task.hooks.airflow.providers.standard.hooks.subprocess.SubprocessHook","filename":"subprocess.py","lineno":99}
{"timestamp":"2026-01-14T04:33:16.018124Z","level":"info","event":"  File \"/opt/spark/python/lib/pyspark.zip/pyspark/worker_util.py\", line 77, in check_python_version","logger":"airflow.task.hooks.airflow.providers.standard.hooks.subprocess.SubprocessHook","filename":"subprocess.py","lineno":99}
{"timestamp":"2026-01-14T04:33:16.018137Z","level":"info","event":"    raise PySparkRuntimeError(","logger":"airflow.task.hooks.airflow.providers.standard.hooks.subprocess.SubprocessHook","filename":"subprocess.py","lineno":99}
{"timestamp":"2026-01-14T04:33:16.018148Z","level":"info","event":"pyspark.errors.exceptions.base.PySparkRuntimeError: [PYTHON_VERSION_MISMATCH] Python in worker has different version: 3.10 than that in driver: 3.12, PySpark cannot run with different minor versions.","logger":"airflow.task.hooks.airflow.providers.standard.hooks.subprocess.SubprocessHook","filename":"subprocess.py","lineno":99}
{"timestamp":"2026-01-14T04:33:16.018160Z","level":"info","event":"Please check environment variables PYSPARK_PYTHON and PYSPARK_DRIVER_PYTHON are correctly set.","logger":"airflow.task.hooks.airflow.providers.standard.hooks.subprocess.SubprocessHook","filename":"subprocess.py","lineno":99}
{"timestamp":"2026-01-14T04:33:16.018172Z","level":"info","event":"","logger":"airflow.task.hooks.airflow.providers.standard.hooks.subprocess.SubprocessHook","filename":"subprocess.py","lineno":99}
{"timestamp":"2026-01-14T04:33:16.018206Z","level":"info","event":"\tat org.apache.spark.api.python.BasePythonRunner$ReaderIterator.handlePythonException(PythonRunner.scala:645)","logger":"airflow.task.hooks.airflow.providers.standard.hooks.subprocess.SubprocessHook","filename":"subprocess.py","lineno":99}
{"timestamp":"2026-01-14T04:33:16.018227Z","level":"info","event":"\tat org.apache.spark.api.python.PythonRunner$$anon$3.read(PythonRunner.scala:1029)","logger":"airflow.task.hooks.airflow.providers.standard.hooks.subprocess.SubprocessHook","filename":"subprocess.py","lineno":99}
{"timestamp":"2026-01-14T04:33:16.018239Z","level":"info","event":"\tat org.apache.spark.api.python.PythonRunner$$anon$3.read(PythonRunner.scala:1014)","logger":"airflow.task.hooks.airflow.providers.standard.hooks.subprocess.SubprocessHook","filename":"subprocess.py","lineno":99}
{"timestamp":"2026-01-14T04:33:16.018250Z","level":"info","event":"\tat org.apache.spark.api.python.BasePythonRunner$ReaderIterator.hasNext(PythonRunner.scala:596)","logger":"airflow.task.hooks.airflow.providers.standard.hooks.subprocess.SubprocessHook","filename":"subprocess.py","lineno":99}
{"timestamp":"2026-01-14T04:33:16.018261Z","level":"info","event":"\tat org.apache.spark.InterruptibleIterator.hasNext(InterruptibleIterator.scala:37)","logger":"airflow.task.hooks.airflow.providers.standard.hooks.subprocess.SubprocessHook","filename":"subprocess.py","lineno":99}
{"timestamp":"2026-01-14T04:33:16.018273Z","level":"info","event":"\tat scala.collection.Iterator$$anon$10.hasNext(Iterator.scala:611)","logger":"airflow.task.hooks.airflow.providers.standard.hooks.subprocess.SubprocessHook","filename":"subprocess.py","lineno":99}
{"timestamp":"2026-01-14T04:33:16.018284Z","level":"info","event":"\tat scala.collection.Iterator$$anon$9.hasNext(Iterator.scala:593)","logger":"airflow.task.hooks.airflow.providers.standard.hooks.subprocess.SubprocessHook","filename":"subprocess.py","lineno":99}
{"timestamp":"2026-01-14T04:33:16.018294Z","level":"info","event":"\tat scala.collection.Iterator$$anon$9.hasNext(Iterator.scala:593)","logger":"airflow.task.hooks.airflow.providers.standard.hooks.subprocess.SubprocessHook","filename":"subprocess.py","lineno":99}
{"timestamp":"2026-01-14T04:33:16.018305Z","level":"info","event":"\tat org.apache.spark.sql.catalyst.expressions.GeneratedClass$GeneratedIteratorForCodegenStage1.processNext(Unknown Source)","logger":"airflow.task.hooks.airflow.providers.standard.hooks.subprocess.SubprocessHook","filename":"subprocess.py","lineno":99}
{"timestamp":"2026-01-14T04:33:16.018316Z","level":"info","event":"\tat org.apache.spark.sql.execution.BufferedRowIterator.hasNext(BufferedRowIterator.java:43)","logger":"airflow.task.hooks.airflow.providers.standard.hooks.subprocess.SubprocessHook","filename":"subprocess.py","lineno":99}
{"timestamp":"2026-01-14T04:33:16.018326Z","level":"info","event":"\tat org.apache.spark.sql.execution.WholeStageCodegenEvaluatorFactory$WholeStageCodegenPartitionEvaluator$$anon$1.hasNext(WholeStageCodegenEvaluatorFactory.scala:50)","logger":"airflow.task.hooks.airflow.providers.standard.hooks.subprocess.SubprocessHook","filename":"subprocess.py","lineno":99}
{"timestamp":"2026-01-14T04:33:16.018337Z","level":"info","event":"\tat org.apache.spark.sql.execution.SparkPlan.$anonfun$getByteArrayRdd$1(SparkPlan.scala:402)","logger":"airflow.task.hooks.airflow.providers.standard.hooks.subprocess.SubprocessHook","filename":"subprocess.py","lineno":99}
{"timestamp":"2026-01-14T04:33:16.018350Z","level":"info","event":"\tat org.apache.spark.rdd.RDD.$anonfun$mapPartitionsInternal$2(RDD.scala:901)","logger":"airflow.task.hooks.airflow.providers.standard.hooks.subprocess.SubprocessHook","filename":"subprocess.py","lineno":99}
{"timestamp":"2026-01-14T04:33:16.018361Z","level":"info","event":"\tat org.apache.spark.rdd.RDD.$anonfun$mapPartitionsInternal$2$adapted(RDD.scala:901)","logger":"airflow.task.hooks.airflow.providers.standard.hooks.subprocess.SubprocessHook","filename":"subprocess.py","lineno":99}
{"timestamp":"2026-01-14T04:33:16.018372Z","level":"info","event":"\tat org.apache.spark.rdd.MapPartitionsRDD.compute(MapPartitionsRDD.scala:52)","logger":"airflow.task.hooks.airflow.providers.standard.hooks.subprocess.SubprocessHook","filename":"subprocess.py","lineno":99}
{"timestamp":"2026-01-14T04:33:16.018383Z","level":"info","event":"\tat org.apache.spark.rdd.RDD.computeOrReadCheckpoint(RDD.scala:374)","logger":"airflow.task.hooks.airflow.providers.standard.hooks.subprocess.SubprocessHook","filename":"subprocess.py","lineno":99}
{"timestamp":"2026-01-14T04:33:16.018394Z","level":"info","event":"\tat org.apache.spark.rdd.RDD.iterator(RDD.scala:338)","logger":"airflow.task.hooks.airflow.providers.standard.hooks.subprocess.SubprocessHook","filename":"subprocess.py","lineno":99}
{"timestamp":"2026-01-14T04:33:16.018404Z","level":"info","event":"\tat org.apache.spark.scheduler.ResultTask.runTask(ResultTask.scala:93)","logger":"airflow.task.hooks.airflow.providers.standard.hooks.subprocess.SubprocessHook","filename":"subprocess.py","lineno":99}
{"timestamp":"2026-01-14T04:33:16.018415Z","level":"info","event":"\tat org.apache.spark.TaskContext.runTaskWithListeners(TaskContext.scala:180)","logger":"airflow.task.hooks.airflow.providers.standard.hooks.subprocess.SubprocessHook","filename":"subprocess.py","lineno":99}
{"timestamp":"2026-01-14T04:33:16.018425Z","level":"info","event":"\tat org.apache.spark.scheduler.Task.run(Task.scala:147)","logger":"airflow.task.hooks.airflow.providers.standard.hooks.subprocess.SubprocessHook","filename":"subprocess.py","lineno":99}
{"timestamp":"2026-01-14T04:33:16.018442Z","level":"info","event":"\tat org.apache.spark.executor.Executor$TaskRunner.$anonfun$run$5(Executor.scala:716)","logger":"airflow.task.hooks.airflow.providers.standard.hooks.subprocess.SubprocessHook","filename":"subprocess.py","lineno":99}
{"timestamp":"2026-01-14T04:33:16.018455Z","level":"info","event":"\tat org.apache.spark.util.SparkErrorUtils.tryWithSafeFinally(SparkErrorUtils.scala:86)","logger":"airflow.task.hooks.airflow.providers.standard.hooks.subprocess.SubprocessHook","filename":"subprocess.py","lineno":99}
{"timestamp":"2026-01-14T04:33:16.018466Z","level":"info","event":"\tat org.apache.spark.util.SparkErrorUtils.tryWithSafeFinally$(SparkErrorUtils.scala:83)","logger":"airflow.task.hooks.airflow.providers.standard.hooks.subprocess.SubprocessHook","filename":"subprocess.py","lineno":99}
{"timestamp":"2026-01-14T04:33:16.018476Z","level":"info","event":"\tat org.apache.spark.util.Utils$.tryWithSafeFinally(Utils.scala:97)","logger":"airflow.task.hooks.airflow.providers.standard.hooks.subprocess.SubprocessHook","filename":"subprocess.py","lineno":99}
{"timestamp":"2026-01-14T04:33:16.018487Z","level":"info","event":"\tat org.apache.spark.executor.Executor$TaskRunner.run(Executor.scala:719)","logger":"airflow.task.hooks.airflow.providers.standard.hooks.subprocess.SubprocessHook","filename":"subprocess.py","lineno":99}
{"timestamp":"2026-01-14T04:33:16.018498Z","level":"info","event":"\tat java.base/java.util.concurrent.ThreadPoolExecutor.runWorker(ThreadPoolExecutor.java:1144)","logger":"airflow.task.hooks.airflow.providers.standard.hooks.subprocess.SubprocessHook","filename":"subprocess.py","lineno":99}
{"timestamp":"2026-01-14T04:33:16.018509Z","level":"info","event":"\tat java.base/java.util.concurrent.ThreadPoolExecutor$Worker.run(ThreadPoolExecutor.java:642)","logger":"airflow.task.hooks.airflow.providers.standard.hooks.subprocess.SubprocessHook","filename":"subprocess.py","lineno":99}
{"timestamp":"2026-01-14T04:33:16.018519Z","level":"info","event":"\tat java.base/java.lang.Thread.run(Thread.java:1583)","logger":"airflow.task.hooks.airflow.providers.standard.hooks.subprocess.SubprocessHook","filename":"subprocess.py","lineno":99}
{"timestamp":"2026-01-14T04:33:16.018529Z","level":"info","event":"","logger":"airflow.task.hooks.airflow.providers.standard.hooks.subprocess.SubprocessHook","filename":"subprocess.py","lineno":99}
{"timestamp":"2026-01-14T04:33:16.018540Z","level":"info","event":"Driver stacktrace:","logger":"airflow.task.hooks.airflow.providers.standard.hooks.subprocess.SubprocessHook","filename":"subprocess.py","lineno":99}
{"timestamp":"2026-01-14T04:33:16.018551Z","level":"info","event":"\tat org.apache.spark.scheduler.DAGScheduler.$anonfun$abortStage$3(DAGScheduler.scala:3122)","logger":"airflow.task.hooks.airflow.providers.standard.hooks.subprocess.SubprocessHook","filename":"subprocess.py","lineno":99}
{"timestamp":"2026-01-14T04:33:16.018561Z","level":"info","event":"\tat scala.Option.getOrElse(Option.scala:201)","logger":"airflow.task.hooks.airflow.providers.standard.hooks.subprocess.SubprocessHook","filename":"subprocess.py","lineno":99}
{"timestamp":"2026-01-14T04:33:16.018572Z","level":"info","event":"\tat org.apache.spark.scheduler.DAGScheduler.$anonfun$abortStage$2(DAGScheduler.scala:3122)","logger":"airflow.task.hooks.airflow.providers.standard.hooks.subprocess.SubprocessHook","filename":"subprocess.py","lineno":99}
{"timestamp":"2026-01-14T04:33:16.018582Z","level":"info","event":"\tat org.apache.spark.scheduler.DAGScheduler.$anonfun$abortStage$2$adapted(DAGScheduler.scala:3114)","logger":"airflow.task.hooks.airflow.providers.standard.hooks.subprocess.SubprocessHook","filename":"subprocess.py","lineno":99}
{"timestamp":"2026-01-14T04:33:16.018607Z","level":"info","event":"\tat scala.collection.immutable.List.foreach(List.scala:323)","logger":"airflow.task.hooks.airflow.providers.standard.hooks.subprocess.SubprocessHook","filename":"subprocess.py","lineno":99}
{"timestamp":"2026-01-14T04:33:16.018619Z","level":"info","event":"\tat org.apache.spark.scheduler.DAGScheduler.abortStage(DAGScheduler.scala:3114)","logger":"airflow.task.hooks.airflow.providers.standard.hooks.subprocess.SubprocessHook","filename":"subprocess.py","lineno":99}
{"timestamp":"2026-01-14T04:33:16.018629Z","level":"info","event":"\tat org.apache.spark.scheduler.DAGScheduler.$anonfun$handleTaskSetFailed$1(DAGScheduler.scala:1303)","logger":"airflow.task.hooks.airflow.providers.standard.hooks.subprocess.SubprocessHook","filename":"subprocess.py","lineno":99}
{"timestamp":"2026-01-14T04:33:16.018640Z","level":"info","event":"\tat org.apache.spark.scheduler.DAGScheduler.$anonfun$handleTaskSetFailed$1$adapted(DAGScheduler.scala:1303)","logger":"airflow.task.hooks.airflow.providers.standard.hooks.subprocess.SubprocessHook","filename":"subprocess.py","lineno":99}
{"timestamp":"2026-01-14T04:33:16.018650Z","level":"info","event":"\tat scala.Option.foreach(Option.scala:437)","logger":"airflow.task.hooks.airflow.providers.standard.hooks.subprocess.SubprocessHook","filename":"subprocess.py","lineno":99}
{"timestamp":"2026-01-14T04:33:16.018661Z","level":"info","event":"\tat org.apache.spark.scheduler.DAGScheduler.handleTaskSetFailed(DAGScheduler.scala:1303)","logger":"airflow.task.hooks.airflow.providers.standard.hooks.subprocess.SubprocessHook","filename":"subprocess.py","lineno":99}
{"timestamp":"2026-01-14T04:33:16.018671Z","level":"info","event":"\tat org.apache.spark.scheduler.DAGSchedulerEventProcessLoop.doOnReceive(DAGScheduler.scala:3397)","logger":"airflow.task.hooks.airflow.providers.standard.hooks.subprocess.SubprocessHook","filename":"subprocess.py","lineno":99}
{"timestamp":"2026-01-14T04:33:16.018682Z","level":"info","event":"\tat org.apache.spark.scheduler.DAGSchedulerEventProcessLoop.onReceive(DAGScheduler.scala:3328)","logger":"airflow.task.hooks.airflow.providers.standard.hooks.subprocess.SubprocessHook","filename":"subprocess.py","lineno":99}
{"timestamp":"2026-01-14T04:33:16.018692Z","level":"info","event":"\tat org.apache.spark.scheduler.DAGSchedulerEventProcessLoop.onReceive(DAGScheduler.scala:3317)","logger":"airflow.task.hooks.airflow.providers.standard.hooks.subprocess.SubprocessHook","filename":"subprocess.py","lineno":99}
{"timestamp":"2026-01-14T04:33:16.018702Z","level":"info","event":"\tat org.apache.spark.util.EventLoop$$anon$1.run(EventLoop.scala:50)","logger":"airflow.task.hooks.airflow.providers.standard.hooks.subprocess.SubprocessHook","filename":"subprocess.py","lineno":99}
{"timestamp":"2026-01-14T04:33:16.018712Z","level":"info","event":"\tat org.apache.spark.scheduler.DAGScheduler.runJob(DAGScheduler.scala:1017)","logger":"airflow.task.hooks.airflow.providers.standard.hooks.subprocess.SubprocessHook","filename":"subprocess.py","lineno":99}
{"timestamp":"2026-01-14T04:33:16.018722Z","level":"info","event":"\tat org.apache.spark.SparkContext.runJob(SparkContext.scala:2496)","logger":"airflow.task.hooks.airflow.providers.standard.hooks.subprocess.SubprocessHook","filename":"subprocess.py","lineno":99}
{"timestamp":"2026-01-14T04:33:16.018732Z","level":"info","event":"\tat org.apache.spark.SparkContext.runJob(SparkContext.scala:2517)","logger":"airflow.task.hooks.airflow.providers.standard.hooks.subprocess.SubprocessHook","filename":"subprocess.py","lineno":99}
{"timestamp":"2026-01-14T04:33:16.018743Z","level":"info","event":"\tat org.apache.spark.SparkContext.runJob(SparkContext.scala:2536)","logger":"airflow.task.hooks.airflow.providers.standard.hooks.subprocess.SubprocessHook","filename":"subprocess.py","lineno":99}
{"timestamp":"2026-01-14T04:33:16.018753Z","level":"info","event":"\tat org.apache.spark.sql.execution.SparkPlan.executeTake(SparkPlan.scala:544)","logger":"airflow.task.hooks.airflow.providers.standard.hooks.subprocess.SubprocessHook","filename":"subprocess.py","lineno":99}
{"timestamp":"2026-01-14T04:33:16.018763Z","level":"info","event":"\tat org.apache.spark.sql.execution.SparkPlan.executeTake(SparkPlan.scala:497)","logger":"airflow.task.hooks.airflow.providers.standard.hooks.subprocess.SubprocessHook","filename":"subprocess.py","lineno":99}
{"timestamp":"2026-01-14T04:33:16.018773Z","level":"info","event":"\tat org.apache.spark.sql.execution.CollectLimitExec.executeCollect(limit.scala:58)","logger":"airflow.task.hooks.airflow.providers.standard.hooks.subprocess.SubprocessHook","filename":"subprocess.py","lineno":99}
{"timestamp":"2026-01-14T04:33:16.018784Z","level":"info","event":"\tat org.apache.spark.sql.classic.Dataset.collectFromPlan(Dataset.scala:2275)","logger":"airflow.task.hooks.airflow.providers.standard.hooks.subprocess.SubprocessHook","filename":"subprocess.py","lineno":99}
{"timestamp":"2026-01-14T04:33:16.018794Z","level":"info","event":"\tat org.apache.spark.sql.classic.Dataset.$anonfun$head$1(Dataset.scala:1401)","logger":"airflow.task.hooks.airflow.providers.standard.hooks.subprocess.SubprocessHook","filename":"subprocess.py","lineno":99}
{"timestamp":"2026-01-14T04:33:16.018807Z","level":"info","event":"\tat org.apache.spark.sql.classic.Dataset.$anonfun$withAction$2(Dataset.scala:2265)","logger":"airflow.task.hooks.airflow.providers.standard.hooks.subprocess.SubprocessHook","filename":"subprocess.py","lineno":99}
{"timestamp":"2026-01-14T04:33:16.018818Z","level":"info","event":"\tat org.apache.spark.sql.execution.QueryExecution$.withInternalError(QueryExecution.scala:717)","logger":"airflow.task.hooks.airflow.providers.standard.hooks.subprocess.SubprocessHook","filename":"subprocess.py","lineno":99}
{"timestamp":"2026-01-14T04:33:16.018828Z","level":"info","event":"\tat org.apache.spark.sql.classic.Dataset.$anonfun$withAction$1(Dataset.scala:2263)","logger":"airflow.task.hooks.airflow.providers.standard.hooks.subprocess.SubprocessHook","filename":"subprocess.py","lineno":99}
{"timestamp":"2026-01-14T04:33:16.018839Z","level":"info","event":"\tat org.apache.spark.sql.execution.SQLExecution$.$anonfun$withNewExecutionId0$8(SQLExecution.scala:177)","logger":"airflow.task.hooks.airflow.providers.standard.hooks.subprocess.SubprocessHook","filename":"subprocess.py","lineno":99}
{"timestamp":"2026-01-14T04:33:16.018849Z","level":"info","event":"\tat org.apache.spark.sql.execution.SQLExecution$.withSessionTagsApplied(SQLExecution.scala:285)","logger":"airflow.task.hooks.airflow.providers.standard.hooks.subprocess.SubprocessHook","filename":"subprocess.py","lineno":99}
{"timestamp":"2026-01-14T04:33:16.018859Z","level":"info","event":"\tat org.apache.spark.sql.execution.SQLExecution$.$anonfun$withNewExecutionId0$7(SQLExecution.scala:139)","logger":"airflow.task.hooks.airflow.providers.standard.hooks.subprocess.SubprocessHook","filename":"subprocess.py","lineno":99}
{"timestamp":"2026-01-14T04:33:16.018870Z","level":"info","event":"\tat org.apache.spark.JobArtifactSet$.withActiveJobArtifactState(JobArtifactSet.scala:94)","logger":"airflow.task.hooks.airflow.providers.standard.hooks.subprocess.SubprocessHook","filename":"subprocess.py","lineno":99}
{"timestamp":"2026-01-14T04:33:16.018880Z","level":"info","event":"\tat org.apache.spark.sql.artifact.ArtifactManager.$anonfun$withResources$1(ArtifactManager.scala:112)","logger":"airflow.task.hooks.airflow.providers.standard.hooks.subprocess.SubprocessHook","filename":"subprocess.py","lineno":99}
{"timestamp":"2026-01-14T04:33:16.018890Z","level":"info","event":"\tat org.apache.spark.sql.artifact.ArtifactManager.withClassLoaderIfNeeded(ArtifactManager.scala:106)","logger":"airflow.task.hooks.airflow.providers.standard.hooks.subprocess.SubprocessHook","filename":"subprocess.py","lineno":99}
{"timestamp":"2026-01-14T04:33:16.018901Z","level":"info","event":"\tat org.apache.spark.sql.artifact.ArtifactManager.withResources(ArtifactManager.scala:111)","logger":"airflow.task.hooks.airflow.providers.standard.hooks.subprocess.SubprocessHook","filename":"subprocess.py","lineno":99}
{"timestamp":"2026-01-14T04:33:16.018911Z","level":"info","event":"\tat org.apache.spark.sql.execution.SQLExecution$.$anonfun$withNewExecutionId0$6(SQLExecution.scala:139)","logger":"airflow.task.hooks.airflow.providers.standard.hooks.subprocess.SubprocessHook","filename":"subprocess.py","lineno":99}
{"timestamp":"2026-01-14T04:33:16.018921Z","level":"info","event":"\tat org.apache.spark.sql.execution.SQLExecution$.withSQLConfPropagated(SQLExecution.scala:308)","logger":"airflow.task.hooks.airflow.providers.standard.hooks.subprocess.SubprocessHook","filename":"subprocess.py","lineno":99}
{"timestamp":"2026-01-14T04:33:16.018931Z","level":"info","event":"\tat org.apache.spark.sql.execution.SQLExecution$.$anonfun$withNewExecutionId0$1(SQLExecution.scala:138)","logger":"airflow.task.hooks.airflow.providers.standard.hooks.subprocess.SubprocessHook","filename":"subprocess.py","lineno":99}
{"timestamp":"2026-01-14T04:33:16.018941Z","level":"info","event":"\tat org.apache.spark.sql.SparkSession.withActive(SparkSession.scala:804)","logger":"airflow.task.hooks.airflow.providers.standard.hooks.subprocess.SubprocessHook","filename":"subprocess.py","lineno":99}
{"timestamp":"2026-01-14T04:33:16.018951Z","level":"info","event":"\tat org.apache.spark.sql.execution.SQLExecution$.withNewExecutionId0(SQLExecution.scala:92)","logger":"airflow.task.hooks.airflow.providers.standard.hooks.subprocess.SubprocessHook","filename":"subprocess.py","lineno":99}
{"timestamp":"2026-01-14T04:33:16.018961Z","level":"info","event":"\tat org.apache.spark.sql.execution.SQLExecution$.withNewExecutionId(SQLExecution.scala:250)","logger":"airflow.task.hooks.airflow.providers.standard.hooks.subprocess.SubprocessHook","filename":"subprocess.py","lineno":99}
{"timestamp":"2026-01-14T04:33:16.018971Z","level":"info","event":"\tat org.apache.spark.sql.classic.Dataset.withAction(Dataset.scala:2263)","logger":"airflow.task.hooks.airflow.providers.standard.hooks.subprocess.SubprocessHook","filename":"subprocess.py","lineno":99}
{"timestamp":"2026-01-14T04:33:16.018982Z","level":"info","event":"\tat org.apache.spark.sql.classic.Dataset.head(Dataset.scala:1401)","logger":"airflow.task.hooks.airflow.providers.standard.hooks.subprocess.SubprocessHook","filename":"subprocess.py","lineno":99}
{"timestamp":"2026-01-14T04:33:16.018992Z","level":"info","event":"\tat org.apache.spark.sql.Dataset.take(Dataset.scala:2814)","logger":"airflow.task.hooks.airflow.providers.standard.hooks.subprocess.SubprocessHook","filename":"subprocess.py","lineno":99}
{"timestamp":"2026-01-14T04:33:16.019002Z","level":"info","event":"\tat org.apache.spark.sql.classic.Dataset.getRows(Dataset.scala:338)","logger":"airflow.task.hooks.airflow.providers.standard.hooks.subprocess.SubprocessHook","filename":"subprocess.py","lineno":99}
{"timestamp":"2026-01-14T04:33:16.019012Z","level":"info","event":"\tat org.apache.spark.sql.classic.Dataset.showString(Dataset.scala:374)","logger":"airflow.task.hooks.airflow.providers.standard.hooks.subprocess.SubprocessHook","filename":"subprocess.py","lineno":99}
{"timestamp":"2026-01-14T04:33:16.019023Z","level":"info","event":"\tat java.base/jdk.internal.reflect.NativeMethodAccessorImpl.invoke0(Native Method)","logger":"airflow.task.hooks.airflow.providers.standard.hooks.subprocess.SubprocessHook","filename":"subprocess.py","lineno":99}
{"timestamp":"2026-01-14T04:33:16.019033Z","level":"info","event":"\tat java.base/jdk.internal.reflect.NativeMethodAccessorImpl.invoke(NativeMethodAccessorImpl.java:77)","logger":"airflow.task.hooks.airflow.providers.standard.hooks.subprocess.SubprocessHook","filename":"subprocess.py","lineno":99}
{"timestamp":"2026-01-14T04:33:16.019043Z","level":"info","event":"\tat java.base/jdk.internal.reflect.DelegatingMethodAccessorImpl.invoke(DelegatingMethodAccessorImpl.java:43)","logger":"airflow.task.hooks.airflow.providers.standard.hooks.subprocess.SubprocessHook","filename":"subprocess.py","lineno":99}
{"timestamp":"2026-01-14T04:33:16.019054Z","level":"info","event":"\tat java.base/java.lang.reflect.Method.invoke(Method.java:569)","logger":"airflow.task.hooks.airflow.providers.standard.hooks.subprocess.SubprocessHook","filename":"subprocess.py","lineno":99}
{"timestamp":"2026-01-14T04:33:16.019064Z","level":"info","event":"\tat py4j.reflection.MethodInvoker.invoke(MethodInvoker.java:244)","logger":"airflow.task.hooks.airflow.providers.standard.hooks.subprocess.SubprocessHook","filename":"subprocess.py","lineno":99}
{"timestamp":"2026-01-14T04:33:16.019074Z","level":"info","event":"\tat py4j.reflection.ReflectionEngine.invoke(ReflectionEngine.java:374)","logger":"airflow.task.hooks.airflow.providers.standard.hooks.subprocess.SubprocessHook","filename":"subprocess.py","lineno":99}
{"timestamp":"2026-01-14T04:33:16.019084Z","level":"info","event":"\tat py4j.Gateway.invoke(Gateway.java:282)","logger":"airflow.task.hooks.airflow.providers.standard.hooks.subprocess.SubprocessHook","filename":"subprocess.py","lineno":99}
{"timestamp":"2026-01-14T04:33:16.019095Z","level":"info","event":"\tat py4j.commands.AbstractCommand.invokeMethod(AbstractCommand.java:132)","logger":"airflow.task.hooks.airflow.providers.standard.hooks.subprocess.SubprocessHook","filename":"subprocess.py","lineno":99}
{"timestamp":"2026-01-14T04:33:16.019105Z","level":"info","event":"\tat py4j.commands.CallCommand.execute(CallCommand.java:79)","logger":"airflow.task.hooks.airflow.providers.standard.hooks.subprocess.SubprocessHook","filename":"subprocess.py","lineno":99}
{"timestamp":"2026-01-14T04:33:16.019115Z","level":"info","event":"\tat py4j.ClientServerConnection.waitForCommands(ClientServerConnection.java:184)","logger":"airflow.task.hooks.airflow.providers.standard.hooks.subprocess.SubprocessHook","filename":"subprocess.py","lineno":99}
{"timestamp":"2026-01-14T04:33:16.019125Z","level":"info","event":"\tat py4j.ClientServerConnection.run(ClientServerConnection.java:108)","logger":"airflow.task.hooks.airflow.providers.standard.hooks.subprocess.SubprocessHook","filename":"subprocess.py","lineno":99}
{"timestamp":"2026-01-14T04:33:16.019136Z","level":"info","event":"\tat java.base/java.lang.Thread.run(Thread.java:840)","logger":"airflow.task.hooks.airflow.providers.standard.hooks.subprocess.SubprocessHook","filename":"subprocess.py","lineno":99}
{"timestamp":"2026-01-14T04:33:16.019146Z","level":"info","event":"Caused by: org.apache.spark.api.python.PythonException: Traceback (most recent call last):","logger":"airflow.task.hooks.airflow.providers.standard.hooks.subprocess.SubprocessHook","filename":"subprocess.py","lineno":99}
{"timestamp":"2026-01-14T04:33:16.019156Z","level":"info","event":"  File \"/opt/spark/python/lib/pyspark.zip/pyspark/worker.py\", line 3305, in main","logger":"airflow.task.hooks.airflow.providers.standard.hooks.subprocess.SubprocessHook","filename":"subprocess.py","lineno":99}
{"timestamp":"2026-01-14T04:33:16.019166Z","level":"info","event":"    check_python_version(infile)","logger":"airflow.task.hooks.airflow.providers.standard.hooks.subprocess.SubprocessHook","filename":"subprocess.py","lineno":99}
{"timestamp":"2026-01-14T04:33:16.019176Z","level":"info","event":"  File \"/opt/spark/python/lib/pyspark.zip/pyspark/worker_util.py\", line 77, in check_python_version","logger":"airflow.task.hooks.airflow.providers.standard.hooks.subprocess.SubprocessHook","filename":"subprocess.py","lineno":99}
{"timestamp":"2026-01-14T04:33:16.019186Z","level":"info","event":"    raise PySparkRuntimeError(","logger":"airflow.task.hooks.airflow.providers.standard.hooks.subprocess.SubprocessHook","filename":"subprocess.py","lineno":99}
{"timestamp":"2026-01-14T04:33:16.019196Z","level":"info","event":"pyspark.errors.exceptions.base.PySparkRuntimeError: [PYTHON_VERSION_MISMATCH] Python in worker has different version: 3.10 than that in driver: 3.12, PySpark cannot run with different minor versions.","logger":"airflow.task.hooks.airflow.providers.standard.hooks.subprocess.SubprocessHook","filename":"subprocess.py","lineno":99}
{"timestamp":"2026-01-14T04:33:16.019207Z","level":"info","event":"Please check environment variables PYSPARK_PYTHON and PYSPARK_DRIVER_PYTHON are correctly set.","logger":"airflow.task.hooks.airflow.providers.standard.hooks.subprocess.SubprocessHook","filename":"subprocess.py","lineno":99}
{"timestamp":"2026-01-14T04:33:16.019217Z","level":"info","event":"","logger":"airflow.task.hooks.airflow.providers.standard.hooks.subprocess.SubprocessHook","filename":"subprocess.py","lineno":99}
{"timestamp":"2026-01-14T04:33:16.019227Z","level":"info","event":"\tat org.apache.spark.api.python.BasePythonRunner$ReaderIterator.handlePythonException(PythonRunner.scala:645)","logger":"airflow.task.hooks.airflow.providers.standard.hooks.subprocess.SubprocessHook","filename":"subprocess.py","lineno":99}
{"timestamp":"2026-01-14T04:33:16.019254Z","level":"info","event":"\tat org.apache.spark.api.python.PythonRunner$$anon$3.read(PythonRunner.scala:1029)","logger":"airflow.task.hooks.airflow.providers.standard.hooks.subprocess.SubprocessHook","filename":"subprocess.py","lineno":99}
{"timestamp":"2026-01-14T04:33:16.019266Z","level":"info","event":"\tat org.apache.spark.api.python.PythonRunner$$anon$3.read(PythonRunner.scala:1014)","logger":"airflow.task.hooks.airflow.providers.standard.hooks.subprocess.SubprocessHook","filename":"subprocess.py","lineno":99}
{"timestamp":"2026-01-14T04:33:16.019277Z","level":"info","event":"\tat org.apache.spark.api.python.BasePythonRunner$ReaderIterator.hasNext(PythonRunner.scala:596)","logger":"airflow.task.hooks.airflow.providers.standard.hooks.subprocess.SubprocessHook","filename":"subprocess.py","lineno":99}
{"timestamp":"2026-01-14T04:33:16.019287Z","level":"info","event":"\tat org.apache.spark.InterruptibleIterator.hasNext(InterruptibleIterator.scala:37)","logger":"airflow.task.hooks.airflow.providers.standard.hooks.subprocess.SubprocessHook","filename":"subprocess.py","lineno":99}
{"timestamp":"2026-01-14T04:33:16.019298Z","level":"info","event":"\tat scala.collection.Iterator$$anon$10.hasNext(Iterator.scala:611)","logger":"airflow.task.hooks.airflow.providers.standard.hooks.subprocess.SubprocessHook","filename":"subprocess.py","lineno":99}
{"timestamp":"2026-01-14T04:33:16.019308Z","level":"info","event":"\tat scala.collection.Iterator$$anon$9.hasNext(Iterator.scala:593)","logger":"airflow.task.hooks.airflow.providers.standard.hooks.subprocess.SubprocessHook","filename":"subprocess.py","lineno":99}
{"timestamp":"2026-01-14T04:33:16.019318Z","level":"info","event":"\tat scala.collection.Iterator$$anon$9.hasNext(Iterator.scala:593)","logger":"airflow.task.hooks.airflow.providers.standard.hooks.subprocess.SubprocessHook","filename":"subprocess.py","lineno":99}
{"timestamp":"2026-01-14T04:33:16.019329Z","level":"info","event":"\tat org.apache.spark.sql.catalyst.expressions.GeneratedClass$GeneratedIteratorForCodegenStage1.processNext(Unknown Source)","logger":"airflow.task.hooks.airflow.providers.standard.hooks.subprocess.SubprocessHook","filename":"subprocess.py","lineno":99}
{"timestamp":"2026-01-14T04:33:16.019341Z","level":"info","event":"\tat org.apache.spark.sql.execution.BufferedRowIterator.hasNext(BufferedRowIterator.java:43)","logger":"airflow.task.hooks.airflow.providers.standard.hooks.subprocess.SubprocessHook","filename":"subprocess.py","lineno":99}
{"timestamp":"2026-01-14T04:33:16.019351Z","level":"info","event":"\tat org.apache.spark.sql.execution.WholeStageCodegenEvaluatorFactory$WholeStageCodegenPartitionEvaluator$$anon$1.hasNext(WholeStageCodegenEvaluatorFactory.scala:50)","logger":"airflow.task.hooks.airflow.providers.standard.hooks.subprocess.SubprocessHook","filename":"subprocess.py","lineno":99}
{"timestamp":"2026-01-14T04:33:16.019362Z","level":"info","event":"\tat org.apache.spark.sql.execution.SparkPlan.$anonfun$getByteArrayRdd$1(SparkPlan.scala:402)","logger":"airflow.task.hooks.airflow.providers.standard.hooks.subprocess.SubprocessHook","filename":"subprocess.py","lineno":99}
{"timestamp":"2026-01-14T04:33:16.019372Z","level":"info","event":"\tat org.apache.spark.rdd.RDD.$anonfun$mapPartitionsInternal$2(RDD.scala:901)","logger":"airflow.task.hooks.airflow.providers.standard.hooks.subprocess.SubprocessHook","filename":"subprocess.py","lineno":99}
{"timestamp":"2026-01-14T04:33:16.019383Z","level":"info","event":"\tat org.apache.spark.rdd.RDD.$anonfun$mapPartitionsInternal$2$adapted(RDD.scala:901)","logger":"airflow.task.hooks.airflow.providers.standard.hooks.subprocess.SubprocessHook","filename":"subprocess.py","lineno":99}
{"timestamp":"2026-01-14T04:33:16.019393Z","level":"info","event":"\tat org.apache.spark.rdd.MapPartitionsRDD.compute(MapPartitionsRDD.scala:52)","logger":"airflow.task.hooks.airflow.providers.standard.hooks.subprocess.SubprocessHook","filename":"subprocess.py","lineno":99}
{"timestamp":"2026-01-14T04:33:16.019403Z","level":"info","event":"\tat org.apache.spark.rdd.RDD.computeOrReadCheckpoint(RDD.scala:374)","logger":"airflow.task.hooks.airflow.providers.standard.hooks.subprocess.SubprocessHook","filename":"subprocess.py","lineno":99}
{"timestamp":"2026-01-14T04:33:16.019413Z","level":"info","event":"\tat org.apache.spark.rdd.RDD.iterator(RDD.scala:338)","logger":"airflow.task.hooks.airflow.providers.standard.hooks.subprocess.SubprocessHook","filename":"subprocess.py","lineno":99}
{"timestamp":"2026-01-14T04:33:16.019424Z","level":"info","event":"\tat org.apache.spark.scheduler.ResultTask.runTask(ResultTask.scala:93)","logger":"airflow.task.hooks.airflow.providers.standard.hooks.subprocess.SubprocessHook","filename":"subprocess.py","lineno":99}
{"timestamp":"2026-01-14T04:33:16.019434Z","level":"info","event":"\tat org.apache.spark.TaskContext.runTaskWithListeners(TaskContext.scala:180)","logger":"airflow.task.hooks.airflow.providers.standard.hooks.subprocess.SubprocessHook","filename":"subprocess.py","lineno":99}
{"timestamp":"2026-01-14T04:33:16.019444Z","level":"info","event":"\tat org.apache.spark.scheduler.Task.run(Task.scala:147)","logger":"airflow.task.hooks.airflow.providers.standard.hooks.subprocess.SubprocessHook","filename":"subprocess.py","lineno":99}
{"timestamp":"2026-01-14T04:33:16.019454Z","level":"info","event":"\tat org.apache.spark.executor.Executor$TaskRunner.$anonfun$run$5(Executor.scala:716)","logger":"airflow.task.hooks.airflow.providers.standard.hooks.subprocess.SubprocessHook","filename":"subprocess.py","lineno":99}
{"timestamp":"2026-01-14T04:33:16.019464Z","level":"info","event":"\tat org.apache.spark.util.SparkErrorUtils.tryWithSafeFinally(SparkErrorUtils.scala:86)","logger":"airflow.task.hooks.airflow.providers.standard.hooks.subprocess.SubprocessHook","filename":"subprocess.py","lineno":99}
{"timestamp":"2026-01-14T04:33:16.019474Z","level":"info","event":"\tat org.apache.spark.util.SparkErrorUtils.tryWithSafeFinally$(SparkErrorUtils.scala:83)","logger":"airflow.task.hooks.airflow.providers.standard.hooks.subprocess.SubprocessHook","filename":"subprocess.py","lineno":99}
{"timestamp":"2026-01-14T04:33:16.019484Z","level":"info","event":"\tat org.apache.spark.util.Utils$.tryWithSafeFinally(Utils.scala:97)","logger":"airflow.task.hooks.airflow.providers.standard.hooks.subprocess.SubprocessHook","filename":"subprocess.py","lineno":99}
{"timestamp":"2026-01-14T04:33:16.019495Z","level":"info","event":"\tat org.apache.spark.executor.Executor$TaskRunner.run(Executor.scala:719)","logger":"airflow.task.hooks.airflow.providers.standard.hooks.subprocess.SubprocessHook","filename":"subprocess.py","lineno":99}
{"timestamp":"2026-01-14T04:33:16.019505Z","level":"info","event":"\tat java.base/java.util.concurrent.ThreadPoolExecutor.runWorker(ThreadPoolExecutor.java:1144)","logger":"airflow.task.hooks.airflow.providers.standard.hooks.subprocess.SubprocessHook","filename":"subprocess.py","lineno":99}
{"timestamp":"2026-01-14T04:33:16.019515Z","level":"info","event":"\tat java.base/java.util.concurrent.ThreadPoolExecutor$Worker.run(ThreadPoolExecutor.java:642)","logger":"airflow.task.hooks.airflow.providers.standard.hooks.subprocess.SubprocessHook","filename":"subprocess.py","lineno":99}
{"timestamp":"2026-01-14T04:33:16.019525Z","level":"info","event":"\tat java.base/java.lang.Thread.run(Thread.java:1583)","logger":"airflow.task.hooks.airflow.providers.standard.hooks.subprocess.SubprocessHook","filename":"subprocess.py","lineno":99}
{"timestamp":"2026-01-14T04:33:16.019535Z","level":"info","event":"","logger":"airflow.task.hooks.airflow.providers.standard.hooks.subprocess.SubprocessHook","filename":"subprocess.py","lineno":99}
{"timestamp":"2026-01-14T04:33:16.065500Z","level":"info","event":"26/01/14 04:33:16 INFO SparkContext: Invoking stop() from shutdown hook","logger":"airflow.task.hooks.airflow.providers.standard.hooks.subprocess.SubprocessHook","filename":"subprocess.py","lineno":99}
{"timestamp":"2026-01-14T04:33:16.065820Z","level":"info","event":"26/01/14 04:33:16 INFO SparkContext: SparkContext is stopping with exitCode 0 from run at Executors.java:539.","logger":"airflow.task.hooks.airflow.providers.standard.hooks.subprocess.SubprocessHook","filename":"subprocess.py","lineno":99}
{"timestamp":"2026-01-14T04:33:16.075385Z","level":"info","event":"26/01/14 04:33:16 INFO SparkUI: Stopped Spark web UI at http://2bd1235029fa:4040","logger":"airflow.task.hooks.airflow.providers.standard.hooks.subprocess.SubprocessHook","filename":"subprocess.py","lineno":99}
{"timestamp":"2026-01-14T04:33:16.076254Z","level":"info","event":"26/01/14 04:33:16 INFO StandaloneSchedulerBackend: Shutting down all executors","logger":"airflow.task.hooks.airflow.providers.standard.hooks.subprocess.SubprocessHook","filename":"subprocess.py","lineno":99}
{"timestamp":"2026-01-14T04:33:16.076421Z","level":"info","event":"26/01/14 04:33:16 INFO StandaloneSchedulerBackend$StandaloneDriverEndpoint: Asking each executor to shut down","logger":"airflow.task.hooks.airflow.providers.standard.hooks.subprocess.SubprocessHook","filename":"subprocess.py","lineno":99}
{"timestamp":"2026-01-14T04:33:16.084746Z","level":"info","event":"26/01/14 04:33:16 INFO MapOutputTrackerMasterEndpoint: MapOutputTrackerMasterEndpoint stopped!","logger":"airflow.task.hooks.airflow.providers.standard.hooks.subprocess.SubprocessHook","filename":"subprocess.py","lineno":99}
{"timestamp":"2026-01-14T04:33:16.093476Z","level":"info","event":"26/01/14 04:33:16 INFO MemoryStore: MemoryStore cleared","logger":"airflow.task.hooks.airflow.providers.standard.hooks.subprocess.SubprocessHook","filename":"subprocess.py","lineno":99}
{"timestamp":"2026-01-14T04:33:16.093568Z","level":"info","event":"26/01/14 04:33:16 INFO BlockManager: BlockManager stopped","logger":"airflow.task.hooks.airflow.providers.standard.hooks.subprocess.SubprocessHook","filename":"subprocess.py","lineno":99}
{"timestamp":"2026-01-14T04:33:16.096017Z","level":"info","event":"26/01/14 04:33:16 INFO BlockManagerMaster: BlockManagerMaster stopped","logger":"airflow.task.hooks.airflow.providers.standard.hooks.subprocess.SubprocessHook","filename":"subprocess.py","lineno":99}
{"timestamp":"2026-01-14T04:33:16.096971Z","level":"info","event":"26/01/14 04:33:16 INFO OutputCommitCoordinator$OutputCommitCoordinatorEndpoint: OutputCommitCoordinator stopped!","logger":"airflow.task.hooks.airflow.providers.standard.hooks.subprocess.SubprocessHook","filename":"subprocess.py","lineno":99}
{"timestamp":"2026-01-14T04:33:16.101239Z","level":"info","event":"26/01/14 04:33:16 INFO SparkContext: Successfully stopped SparkContext (Uptime: 3233 ms)","logger":"airflow.task.hooks.airflow.providers.standard.hooks.subprocess.SubprocessHook","filename":"subprocess.py","lineno":99}
{"timestamp":"2026-01-14T04:33:16.119364Z","level":"info","event":"Command exited with return code 1","logger":"airflow.task.hooks.airflow.providers.standard.hooks.subprocess.SubprocessHook","filename":"subprocess.py","lineno":103}
{"timestamp":"2026-01-14T04:33:16.119621Z","level":"error","event":"Task failed with exception","logger":"task","filename":"task_runner.py","lineno":986,"error_detail":[{"exc_type":"AirflowException","exc_value":"Bash command failed. The command returned a non-zero exit code 1.","exc_notes":[],"syntax_error":null,"is_cause":false,"frames":[{"filename":"/opt/airflow/venv/lib/python3.12/site-packages/airflow/sdk/execution_time/task_runner.py","lineno":934,"name":"run"},{"filename":"/opt/airflow/venv/lib/python3.12/site-packages/airflow/sdk/execution_time/task_runner.py","lineno":1325,"name":"_execute_task"},{"filename":"/opt/airflow/venv/lib/python3.12/site-packages/airflow/sdk/bases/operator.py","lineno":417,"name":"wrapper"},{"filename":"/opt/airflow/venv/lib/python3.12/site-packages/airflow/providers/standard/operators/bash.py","lineno":227,"name":"execute"}],"is_group":false,"exceptions":[]}]}
