{"timestamp":"2026-01-15T03:26:37.447055Z","level":"info","event":"DAG bundles loaded: dags-folder","logger":"airflow.dag_processing.bundles.manager.DagBundlesManager","filename":"manager.py","lineno":179}
{"timestamp":"2026-01-15T03:26:37.448252Z","level":"info","event":"Filling up the DagBag from /opt/airflow/dags/spark_minio.py","logger":"airflow.models.dagbag.DagBag","filename":"dagbag.py","lineno":593}
{"timestamp":"2026-01-15T03:26:37.658251Z","level":"info","event":"Spark-Submit cmd: spark-submit --master spark://spark-master:7077 --conf spark.hadoop.fs.s3a.endpoint=http://minio:9000 --conf spark.hadoop.fs.s3a.access.key=minioadmin --conf spark.hadoop.fs.s3a.secret.key=****** --conf spark.hadoop.fs.s3a.path.style.access=true --conf spark.hadoop.fs.s3a.connection.ssl.enabled=false --conf spark.hadoop.fs.s3a.impl=org.apache.hadoop.fs.s3a.S3AFileSystem --conf spark.hadoop.fs.s3a.connection.timeout=60000 --conf spark.hadoop.fs.s3a.connection.establish.timeout=60000 --conf spark.hadoop.fs.s3a.retry.interval=5000 --conf spark.hadoop.fs.s3a.threads.keepalivetime=60000 --packages org.apache.hadoop:hadoop-aws:3.3.6,com.amazonaws:aws-java-sdk-bundle:1.12.509 --name arrow-spark --verbose /opt/spark/jobs/minio.py","logger":"airflow.task.hooks.airflow.providers.apache.spark.hooks.spark_submit.SparkSubmitHook","filename":"spark_submit.py","lineno":473}
{"timestamp":"2026-01-15T03:26:37.742635Z","level":"info","event":"WARNING: Using incubator modules: jdk.incubator.vector","logger":"airflow.task.hooks.airflow.providers.apache.spark.hooks.spark_submit.SparkSubmitHook","filename":"spark_submit.py","lineno":643}
{"timestamp":"2026-01-15T03:26:38.175105Z","level":"info","event":"Parsed arguments:","logger":"airflow.task.hooks.airflow.providers.apache.spark.hooks.spark_submit.SparkSubmitHook","filename":"spark_submit.py","lineno":643}
{"timestamp":"2026-01-15T03:26:38.175304Z","level":"info","event":"master                  spark://spark-master:7077","logger":"airflow.task.hooks.airflow.providers.apache.spark.hooks.spark_submit.SparkSubmitHook","filename":"spark_submit.py","lineno":643}
{"timestamp":"2026-01-15T03:26:38.175342Z","level":"info","event":"remote                  null","logger":"airflow.task.hooks.airflow.providers.apache.spark.hooks.spark_submit.SparkSubmitHook","filename":"spark_submit.py","lineno":643}
{"timestamp":"2026-01-15T03:26:38.175368Z","level":"info","event":"deployMode              null","logger":"airflow.task.hooks.airflow.providers.apache.spark.hooks.spark_submit.SparkSubmitHook","filename":"spark_submit.py","lineno":643}
{"timestamp":"2026-01-15T03:26:38.175392Z","level":"info","event":"executorMemory          null","logger":"airflow.task.hooks.airflow.providers.apache.spark.hooks.spark_submit.SparkSubmitHook","filename":"spark_submit.py","lineno":643}
{"timestamp":"2026-01-15T03:26:38.175415Z","level":"info","event":"executorCores           null","logger":"airflow.task.hooks.airflow.providers.apache.spark.hooks.spark_submit.SparkSubmitHook","filename":"spark_submit.py","lineno":643}
{"timestamp":"2026-01-15T03:26:38.175437Z","level":"info","event":"totalExecutorCores      null","logger":"airflow.task.hooks.airflow.providers.apache.spark.hooks.spark_submit.SparkSubmitHook","filename":"spark_submit.py","lineno":643}
{"timestamp":"2026-01-15T03:26:38.175460Z","level":"info","event":"propertiesFile          null","logger":"airflow.task.hooks.airflow.providers.apache.spark.hooks.spark_submit.SparkSubmitHook","filename":"spark_submit.py","lineno":643}
{"timestamp":"2026-01-15T03:26:38.175484Z","level":"info","event":"driverMemory            null","logger":"airflow.task.hooks.airflow.providers.apache.spark.hooks.spark_submit.SparkSubmitHook","filename":"spark_submit.py","lineno":643}
{"timestamp":"2026-01-15T03:26:38.175506Z","level":"info","event":"driverCores             null","logger":"airflow.task.hooks.airflow.providers.apache.spark.hooks.spark_submit.SparkSubmitHook","filename":"spark_submit.py","lineno":643}
{"timestamp":"2026-01-15T03:26:38.175529Z","level":"info","event":"driverExtraClassPath    null","logger":"airflow.task.hooks.airflow.providers.apache.spark.hooks.spark_submit.SparkSubmitHook","filename":"spark_submit.py","lineno":643}
{"timestamp":"2026-01-15T03:26:38.175551Z","level":"info","event":"driverExtraLibraryPath  null","logger":"airflow.task.hooks.airflow.providers.apache.spark.hooks.spark_submit.SparkSubmitHook","filename":"spark_submit.py","lineno":643}
{"timestamp":"2026-01-15T03:26:38.175574Z","level":"info","event":"driverExtraJavaOptions  null","logger":"airflow.task.hooks.airflow.providers.apache.spark.hooks.spark_submit.SparkSubmitHook","filename":"spark_submit.py","lineno":643}
{"timestamp":"2026-01-15T03:26:38.175597Z","level":"info","event":"supervise               false","logger":"airflow.task.hooks.airflow.providers.apache.spark.hooks.spark_submit.SparkSubmitHook","filename":"spark_submit.py","lineno":643}
{"timestamp":"2026-01-15T03:26:38.175619Z","level":"info","event":"queue                   null","logger":"airflow.task.hooks.airflow.providers.apache.spark.hooks.spark_submit.SparkSubmitHook","filename":"spark_submit.py","lineno":643}
{"timestamp":"2026-01-15T03:26:38.175642Z","level":"info","event":"numExecutors            null","logger":"airflow.task.hooks.airflow.providers.apache.spark.hooks.spark_submit.SparkSubmitHook","filename":"spark_submit.py","lineno":643}
{"timestamp":"2026-01-15T03:26:38.175664Z","level":"info","event":"files                   null","logger":"airflow.task.hooks.airflow.providers.apache.spark.hooks.spark_submit.SparkSubmitHook","filename":"spark_submit.py","lineno":643}
{"timestamp":"2026-01-15T03:26:38.175687Z","level":"info","event":"pyFiles                 null","logger":"airflow.task.hooks.airflow.providers.apache.spark.hooks.spark_submit.SparkSubmitHook","filename":"spark_submit.py","lineno":643}
{"timestamp":"2026-01-15T03:26:38.175709Z","level":"info","event":"archives                null","logger":"airflow.task.hooks.airflow.providers.apache.spark.hooks.spark_submit.SparkSubmitHook","filename":"spark_submit.py","lineno":643}
{"timestamp":"2026-01-15T03:26:38.175731Z","level":"info","event":"mainClass               null","logger":"airflow.task.hooks.airflow.providers.apache.spark.hooks.spark_submit.SparkSubmitHook","filename":"spark_submit.py","lineno":643}
{"timestamp":"2026-01-15T03:26:38.175754Z","level":"info","event":"primaryResource         file:/opt/spark/jobs/minio.py","logger":"airflow.task.hooks.airflow.providers.apache.spark.hooks.spark_submit.SparkSubmitHook","filename":"spark_submit.py","lineno":643}
{"timestamp":"2026-01-15T03:26:38.175777Z","level":"info","event":"name                    arrow-spark","logger":"airflow.task.hooks.airflow.providers.apache.spark.hooks.spark_submit.SparkSubmitHook","filename":"spark_submit.py","lineno":643}
{"timestamp":"2026-01-15T03:26:38.175803Z","level":"info","event":"childArgs               []","logger":"airflow.task.hooks.airflow.providers.apache.spark.hooks.spark_submit.SparkSubmitHook","filename":"spark_submit.py","lineno":643}
{"timestamp":"2026-01-15T03:26:38.175826Z","level":"info","event":"jars                    null","logger":"airflow.task.hooks.airflow.providers.apache.spark.hooks.spark_submit.SparkSubmitHook","filename":"spark_submit.py","lineno":643}
{"timestamp":"2026-01-15T03:26:38.175849Z","level":"info","event":"packages                org.apache.hadoop:hadoop-aws:3.3.6,com.amazonaws:aws-java-sdk-bundle:1.12.509","logger":"airflow.task.hooks.airflow.providers.apache.spark.hooks.spark_submit.SparkSubmitHook","filename":"spark_submit.py","lineno":643}
{"timestamp":"2026-01-15T03:26:38.175896Z","level":"info","event":"packagesExclusions      null","logger":"airflow.task.hooks.airflow.providers.apache.spark.hooks.spark_submit.SparkSubmitHook","filename":"spark_submit.py","lineno":643}
{"timestamp":"2026-01-15T03:26:38.175925Z","level":"info","event":"repositories            null","logger":"airflow.task.hooks.airflow.providers.apache.spark.hooks.spark_submit.SparkSubmitHook","filename":"spark_submit.py","lineno":643}
{"timestamp":"2026-01-15T03:26:38.175948Z","level":"info","event":"verbose                 true","logger":"airflow.task.hooks.airflow.providers.apache.spark.hooks.spark_submit.SparkSubmitHook","filename":"spark_submit.py","lineno":643}
{"timestamp":"2026-01-15T03:26:38.175971Z","level":"info","event":"","logger":"airflow.task.hooks.airflow.providers.apache.spark.hooks.spark_submit.SparkSubmitHook","filename":"spark_submit.py","lineno":643}
{"timestamp":"2026-01-15T03:26:38.175994Z","level":"info","event":"Spark properties used, including those specified through","logger":"airflow.task.hooks.airflow.providers.apache.spark.hooks.spark_submit.SparkSubmitHook","filename":"spark_submit.py","lineno":643}
{"timestamp":"2026-01-15T03:26:38.176017Z","level":"info","event":"--conf and those from the properties file null:","logger":"airflow.task.hooks.airflow.providers.apache.spark.hooks.spark_submit.SparkSubmitHook","filename":"spark_submit.py","lineno":643}
{"timestamp":"2026-01-15T03:26:38.176041Z","level":"info","event":"(spark.hadoop.fs.s3a.access.key,*********(redacted))","logger":"airflow.task.hooks.airflow.providers.apache.spark.hooks.spark_submit.SparkSubmitHook","filename":"spark_submit.py","lineno":643}
{"timestamp":"2026-01-15T03:26:38.176064Z","level":"info","event":"(spark.hadoop.fs.s3a.connection.establish.timeout,60000)","logger":"airflow.task.hooks.airflow.providers.apache.spark.hooks.spark_submit.SparkSubmitHook","filename":"spark_submit.py","lineno":643}
{"timestamp":"2026-01-15T03:26:38.176086Z","level":"info","event":"(spark.hadoop.fs.s3a.connection.ssl.enabled,false)","logger":"airflow.task.hooks.airflow.providers.apache.spark.hooks.spark_submit.SparkSubmitHook","filename":"spark_submit.py","lineno":643}
{"timestamp":"2026-01-15T03:26:38.176108Z","level":"info","event":"(spark.hadoop.fs.s3a.connection.timeout,60000)","logger":"airflow.task.hooks.airflow.providers.apache.spark.hooks.spark_submit.SparkSubmitHook","filename":"spark_submit.py","lineno":643}
{"timestamp":"2026-01-15T03:26:38.176148Z","level":"info","event":"(spark.hadoop.fs.s3a.endpoint,http://minio:9000)","logger":"airflow.task.hooks.airflow.providers.apache.spark.hooks.spark_submit.SparkSubmitHook","filename":"spark_submit.py","lineno":643}
{"timestamp":"2026-01-15T03:26:38.176171Z","level":"info","event":"(spark.hadoop.fs.s3a.impl,org.apache.hadoop.fs.s3a.S3AFileSystem)","logger":"airflow.task.hooks.airflow.providers.apache.spark.hooks.spark_submit.SparkSubmitHook","filename":"spark_submit.py","lineno":643}
{"timestamp":"2026-01-15T03:26:38.176195Z","level":"info","event":"(spark.hadoop.fs.s3a.path.style.access,true)","logger":"airflow.task.hooks.airflow.providers.apache.spark.hooks.spark_submit.SparkSubmitHook","filename":"spark_submit.py","lineno":643}
{"timestamp":"2026-01-15T03:26:38.176218Z","level":"info","event":"(spark.hadoop.fs.s3a.retry.interval,5000)","logger":"airflow.task.hooks.airflow.providers.apache.spark.hooks.spark_submit.SparkSubmitHook","filename":"spark_submit.py","lineno":643}
{"timestamp":"2026-01-15T03:26:38.176240Z","level":"info","event":"(spark.hadoop.fs.s3a.secret.key,*********(redacted))","logger":"airflow.task.hooks.airflow.providers.apache.spark.hooks.spark_submit.SparkSubmitHook","filename":"spark_submit.py","lineno":643}
{"timestamp":"2026-01-15T03:26:38.176262Z","level":"info","event":"(spark.hadoop.fs.s3a.threads.keepalivetime,60000)","logger":"airflow.task.hooks.airflow.providers.apache.spark.hooks.spark_submit.SparkSubmitHook","filename":"spark_submit.py","lineno":643}
{"timestamp":"2026-01-15T03:26:38.176302Z","level":"info","event":"","logger":"airflow.task.hooks.airflow.providers.apache.spark.hooks.spark_submit.SparkSubmitHook","filename":"spark_submit.py","lineno":643}
{"timestamp":"2026-01-15T03:26:38.176336Z","level":"info","event":"","logger":"airflow.task.hooks.airflow.providers.apache.spark.hooks.spark_submit.SparkSubmitHook","filename":"spark_submit.py","lineno":643}
{"timestamp":"2026-01-15T03:26:38.200769Z","level":"info","event":":: loading settings :: url = jar:file:/opt/spark-4.1.1-bin-hadoop3/jars/ivy-2.5.3.jar!/org/apache/ivy/core/settings/ivysettings.xml","logger":"airflow.task.hooks.airflow.providers.apache.spark.hooks.spark_submit.SparkSubmitHook","filename":"spark_submit.py","lineno":643}
{"timestamp":"2026-01-15T03:26:38.224798Z","level":"info","event":"Ivy Default Cache set to: /home/airflow/.ivy2.5.2/cache","logger":"airflow.task.hooks.airflow.providers.apache.spark.hooks.spark_submit.SparkSubmitHook","filename":"spark_submit.py","lineno":643}
{"timestamp":"2026-01-15T03:26:38.224882Z","level":"info","event":"The jars for the packages stored in: /home/airflow/.ivy2.5.2/jars","logger":"airflow.task.hooks.airflow.providers.apache.spark.hooks.spark_submit.SparkSubmitHook","filename":"spark_submit.py","lineno":643}
{"timestamp":"2026-01-15T03:26:38.226354Z","level":"info","event":"org.apache.hadoop#hadoop-aws added as a dependency","logger":"airflow.task.hooks.airflow.providers.apache.spark.hooks.spark_submit.SparkSubmitHook","filename":"spark_submit.py","lineno":643}
{"timestamp":"2026-01-15T03:26:38.226395Z","level":"info","event":"com.amazonaws#aws-java-sdk-bundle added as a dependency","logger":"airflow.task.hooks.airflow.providers.apache.spark.hooks.spark_submit.SparkSubmitHook","filename":"spark_submit.py","lineno":643}
{"timestamp":"2026-01-15T03:26:38.226631Z","level":"info","event":":: resolving dependencies :: org.apache.spark#spark-submit-parent-fa5d5a4b-bb3b-46cf-b4f0-293375921048;1.0","logger":"airflow.task.hooks.airflow.providers.apache.spark.hooks.spark_submit.SparkSubmitHook","filename":"spark_submit.py","lineno":643}
{"timestamp":"2026-01-15T03:26:38.226707Z","level":"info","event":"confs: [default]","logger":"airflow.task.hooks.airflow.providers.apache.spark.hooks.spark_submit.SparkSubmitHook","filename":"spark_submit.py","lineno":643}
{"timestamp":"2026-01-15T03:26:38.281109Z","level":"info","event":"found org.apache.hadoop#hadoop-aws;3.3.6 in central","logger":"airflow.task.hooks.airflow.providers.apache.spark.hooks.spark_submit.SparkSubmitHook","filename":"spark_submit.py","lineno":643}
{"timestamp":"2026-01-15T03:26:38.294863Z","level":"info","event":"found org.wildfly.openssl#wildfly-openssl;1.1.3.Final in central","logger":"airflow.task.hooks.airflow.providers.apache.spark.hooks.spark_submit.SparkSubmitHook","filename":"spark_submit.py","lineno":643}
{"timestamp":"2026-01-15T03:26:38.301247Z","level":"info","event":"found com.amazonaws#aws-java-sdk-bundle;1.12.509 in central","logger":"airflow.task.hooks.airflow.providers.apache.spark.hooks.spark_submit.SparkSubmitHook","filename":"spark_submit.py","lineno":643}
{"timestamp":"2026-01-15T03:26:38.309665Z","level":"info","event":":: resolution report :: resolve 80ms :: artifacts dl 3ms","logger":"airflow.task.hooks.airflow.providers.apache.spark.hooks.spark_submit.SparkSubmitHook","filename":"spark_submit.py","lineno":643}
{"timestamp":"2026-01-15T03:26:38.309973Z","level":"info","event":":: modules in use:","logger":"airflow.task.hooks.airflow.providers.apache.spark.hooks.spark_submit.SparkSubmitHook","filename":"spark_submit.py","lineno":643}
{"timestamp":"2026-01-15T03:26:38.310279Z","level":"info","event":"com.amazonaws#aws-java-sdk-bundle;1.12.509 from central in [default]","logger":"airflow.task.hooks.airflow.providers.apache.spark.hooks.spark_submit.SparkSubmitHook","filename":"spark_submit.py","lineno":643}
{"timestamp":"2026-01-15T03:26:38.310413Z","level":"info","event":"org.apache.hadoop#hadoop-aws;3.3.6 from central in [default]","logger":"airflow.task.hooks.airflow.providers.apache.spark.hooks.spark_submit.SparkSubmitHook","filename":"spark_submit.py","lineno":643}
{"timestamp":"2026-01-15T03:26:38.310513Z","level":"info","event":"org.wildfly.openssl#wildfly-openssl;1.1.3.Final from central in [default]","logger":"airflow.task.hooks.airflow.providers.apache.spark.hooks.spark_submit.SparkSubmitHook","filename":"spark_submit.py","lineno":643}
{"timestamp":"2026-01-15T03:26:38.310631Z","level":"info","event":":: evicted modules:","logger":"airflow.task.hooks.airflow.providers.apache.spark.hooks.spark_submit.SparkSubmitHook","filename":"spark_submit.py","lineno":643}
{"timestamp":"2026-01-15T03:26:38.310825Z","level":"info","event":"com.amazonaws#aws-java-sdk-bundle;1.12.367 by [com.amazonaws#aws-java-sdk-bundle;1.12.509] in [default]","logger":"airflow.task.hooks.airflow.providers.apache.spark.hooks.spark_submit.SparkSubmitHook","filename":"spark_submit.py","lineno":643}
{"timestamp":"2026-01-15T03:26:38.310869Z","level":"info","event":"---------------------------------------------------------------------","logger":"airflow.task.hooks.airflow.providers.apache.spark.hooks.spark_submit.SparkSubmitHook","filename":"spark_submit.py","lineno":643}
{"timestamp":"2026-01-15T03:26:38.310892Z","level":"info","event":"|                  |            modules            ||   artifacts   |","logger":"airflow.task.hooks.airflow.providers.apache.spark.hooks.spark_submit.SparkSubmitHook","filename":"spark_submit.py","lineno":643}
{"timestamp":"2026-01-15T03:26:38.310904Z","level":"info","event":"|       conf       | number| search|dwnlded|evicted|| number|dwnlded|","logger":"airflow.task.hooks.airflow.providers.apache.spark.hooks.spark_submit.SparkSubmitHook","filename":"spark_submit.py","lineno":643}
{"timestamp":"2026-01-15T03:26:38.310916Z","level":"info","event":"---------------------------------------------------------------------","logger":"airflow.task.hooks.airflow.providers.apache.spark.hooks.spark_submit.SparkSubmitHook","filename":"spark_submit.py","lineno":643}
{"timestamp":"2026-01-15T03:26:38.311097Z","level":"info","event":"|      default     |   4   |   0   |   0   |   1   ||   3   |   0   |","logger":"airflow.task.hooks.airflow.providers.apache.spark.hooks.spark_submit.SparkSubmitHook","filename":"spark_submit.py","lineno":643}
{"timestamp":"2026-01-15T03:26:38.311121Z","level":"info","event":"---------------------------------------------------------------------","logger":"airflow.task.hooks.airflow.providers.apache.spark.hooks.spark_submit.SparkSubmitHook","filename":"spark_submit.py","lineno":643}
{"timestamp":"2026-01-15T03:26:38.313405Z","level":"info","event":":: retrieving :: org.apache.spark#spark-submit-parent-fa5d5a4b-bb3b-46cf-b4f0-293375921048","logger":"airflow.task.hooks.airflow.providers.apache.spark.hooks.spark_submit.SparkSubmitHook","filename":"spark_submit.py","lineno":643}
{"timestamp":"2026-01-15T03:26:38.313500Z","level":"info","event":"confs: [default]","logger":"airflow.task.hooks.airflow.providers.apache.spark.hooks.spark_submit.SparkSubmitHook","filename":"spark_submit.py","lineno":643}
{"timestamp":"2026-01-15T03:26:38.316461Z","level":"info","event":"0 artifacts copied, 3 already retrieved (0kB/3ms)","logger":"airflow.task.hooks.airflow.providers.apache.spark.hooks.spark_submit.SparkSubmitHook","filename":"spark_submit.py","lineno":643}
{"timestamp":"2026-01-15T03:26:38.398782Z","level":"info","event":"26/01/15 03:26:38 WARN NativeCodeLoader: Unable to load native-hadoop library for your platform... using builtin-java classes where applicable","logger":"airflow.task.hooks.airflow.providers.apache.spark.hooks.spark_submit.SparkSubmitHook","filename":"spark_submit.py","lineno":643}
{"timestamp":"2026-01-15T03:26:38.484705Z","level":"info","event":"Main class:","logger":"airflow.task.hooks.airflow.providers.apache.spark.hooks.spark_submit.SparkSubmitHook","filename":"spark_submit.py","lineno":643}
{"timestamp":"2026-01-15T03:26:38.485183Z","level":"info","event":"org.apache.spark.deploy.PythonRunner","logger":"airflow.task.hooks.airflow.providers.apache.spark.hooks.spark_submit.SparkSubmitHook","filename":"spark_submit.py","lineno":643}
{"timestamp":"2026-01-15T03:26:38.485822Z","level":"info","event":"Arguments:","logger":"airflow.task.hooks.airflow.providers.apache.spark.hooks.spark_submit.SparkSubmitHook","filename":"spark_submit.py","lineno":643}
{"timestamp":"2026-01-15T03:26:38.485864Z","level":"info","event":"file:/opt/spark/jobs/minio.py","logger":"airflow.task.hooks.airflow.providers.apache.spark.hooks.spark_submit.SparkSubmitHook","filename":"spark_submit.py","lineno":643}
{"timestamp":"2026-01-15T03:26:38.485881Z","level":"info","event":"file:///home/airflow/.ivy2.5.2/jars/org.apache.hadoop_hadoop-aws-3.3.6.jar,file:///home/airflow/.ivy2.5.2/jars/com.amazonaws_aws-java-sdk-bundle-1.12.509.jar,file:///home/airflow/.ivy2.5.2/jars/org.wildfly.openssl_wildfly-openssl-1.1.3.Final.jar","logger":"airflow.task.hooks.airflow.providers.apache.spark.hooks.spark_submit.SparkSubmitHook","filename":"spark_submit.py","lineno":643}
{"timestamp":"2026-01-15T03:26:38.486279Z","level":"info","event":"Spark config:","logger":"airflow.task.hooks.airflow.providers.apache.spark.hooks.spark_submit.SparkSubmitHook","filename":"spark_submit.py","lineno":643}
{"timestamp":"2026-01-15T03:26:38.486323Z","level":"info","event":"(spark.app.name,arrow-spark)","logger":"airflow.task.hooks.airflow.providers.apache.spark.hooks.spark_submit.SparkSubmitHook","filename":"spark_submit.py","lineno":643}
{"timestamp":"2026-01-15T03:26:38.486361Z","level":"info","event":"(spark.app.submitTime,1768447598464)","logger":"airflow.task.hooks.airflow.providers.apache.spark.hooks.spark_submit.SparkSubmitHook","filename":"spark_submit.py","lineno":643}
{"timestamp":"2026-01-15T03:26:38.486399Z","level":"info","event":"(spark.files,file:///home/airflow/.ivy2.5.2/jars/org.apache.hadoop_hadoop-aws-3.3.6.jar,file:///home/airflow/.ivy2.5.2/jars/com.amazonaws_aws-java-sdk-bundle-1.12.509.jar,file:///home/airflow/.ivy2.5.2/jars/org.wildfly.openssl_wildfly-openssl-1.1.3.Final.jar)","logger":"airflow.task.hooks.airflow.providers.apache.spark.hooks.spark_submit.SparkSubmitHook","filename":"spark_submit.py","lineno":643}
{"timestamp":"2026-01-15T03:26:38.486434Z","level":"info","event":"(spark.hadoop.fs.s3a.access.key,*********(redacted))","logger":"airflow.task.hooks.airflow.providers.apache.spark.hooks.spark_submit.SparkSubmitHook","filename":"spark_submit.py","lineno":643}
{"timestamp":"2026-01-15T03:26:38.486466Z","level":"info","event":"(spark.hadoop.fs.s3a.connection.establish.timeout,60000)","logger":"airflow.task.hooks.airflow.providers.apache.spark.hooks.spark_submit.SparkSubmitHook","filename":"spark_submit.py","lineno":643}
{"timestamp":"2026-01-15T03:26:38.486500Z","level":"info","event":"(spark.hadoop.fs.s3a.connection.ssl.enabled,false)","logger":"airflow.task.hooks.airflow.providers.apache.spark.hooks.spark_submit.SparkSubmitHook","filename":"spark_submit.py","lineno":643}
{"timestamp":"2026-01-15T03:26:38.486532Z","level":"info","event":"(spark.hadoop.fs.s3a.connection.timeout,60000)","logger":"airflow.task.hooks.airflow.providers.apache.spark.hooks.spark_submit.SparkSubmitHook","filename":"spark_submit.py","lineno":643}
{"timestamp":"2026-01-15T03:26:38.486563Z","level":"info","event":"(spark.hadoop.fs.s3a.endpoint,http://minio:9000)","logger":"airflow.task.hooks.airflow.providers.apache.spark.hooks.spark_submit.SparkSubmitHook","filename":"spark_submit.py","lineno":643}
{"timestamp":"2026-01-15T03:26:38.486580Z","level":"info","event":"(spark.hadoop.fs.s3a.impl,org.apache.hadoop.fs.s3a.S3AFileSystem)","logger":"airflow.task.hooks.airflow.providers.apache.spark.hooks.spark_submit.SparkSubmitHook","filename":"spark_submit.py","lineno":643}
{"timestamp":"2026-01-15T03:26:38.486592Z","level":"info","event":"(spark.hadoop.fs.s3a.path.style.access,true)","logger":"airflow.task.hooks.airflow.providers.apache.spark.hooks.spark_submit.SparkSubmitHook","filename":"spark_submit.py","lineno":643}
{"timestamp":"2026-01-15T03:26:38.486603Z","level":"info","event":"(spark.hadoop.fs.s3a.retry.interval,5000)","logger":"airflow.task.hooks.airflow.providers.apache.spark.hooks.spark_submit.SparkSubmitHook","filename":"spark_submit.py","lineno":643}
{"timestamp":"2026-01-15T03:26:38.486614Z","level":"info","event":"(spark.hadoop.fs.s3a.secret.key,*********(redacted))","logger":"airflow.task.hooks.airflow.providers.apache.spark.hooks.spark_submit.SparkSubmitHook","filename":"spark_submit.py","lineno":643}
{"timestamp":"2026-01-15T03:26:38.486794Z","level":"info","event":"(spark.hadoop.fs.s3a.threads.keepalivetime,60000)","logger":"airflow.task.hooks.airflow.providers.apache.spark.hooks.spark_submit.SparkSubmitHook","filename":"spark_submit.py","lineno":643}
{"timestamp":"2026-01-15T03:26:38.486818Z","level":"info","event":"(spark.jars,file:///home/airflow/.ivy2.5.2/jars/org.apache.hadoop_hadoop-aws-3.3.6.jar,file:///home/airflow/.ivy2.5.2/jars/com.amazonaws_aws-java-sdk-bundle-1.12.509.jar,file:///home/airflow/.ivy2.5.2/jars/org.wildfly.openssl_wildfly-openssl-1.1.3.Final.jar)","logger":"airflow.task.hooks.airflow.providers.apache.spark.hooks.spark_submit.SparkSubmitHook","filename":"spark_submit.py","lineno":643}
{"timestamp":"2026-01-15T03:26:38.486833Z","level":"info","event":"(spark.master,spark://spark-master:7077)","logger":"airflow.task.hooks.airflow.providers.apache.spark.hooks.spark_submit.SparkSubmitHook","filename":"spark_submit.py","lineno":643}
{"timestamp":"2026-01-15T03:26:38.486845Z","level":"info","event":"(spark.repl.local.jars,file:///home/airflow/.ivy2.5.2/jars/org.apache.hadoop_hadoop-aws-3.3.6.jar,file:///home/airflow/.ivy2.5.2/jars/com.amazonaws_aws-java-sdk-bundle-1.12.509.jar,file:///home/airflow/.ivy2.5.2/jars/org.wildfly.openssl_wildfly-openssl-1.1.3.Final.jar)","logger":"airflow.task.hooks.airflow.providers.apache.spark.hooks.spark_submit.SparkSubmitHook","filename":"spark_submit.py","lineno":643}
{"timestamp":"2026-01-15T03:26:38.486857Z","level":"info","event":"(spark.submit.deployMode,client)","logger":"airflow.task.hooks.airflow.providers.apache.spark.hooks.spark_submit.SparkSubmitHook","filename":"spark_submit.py","lineno":643}
{"timestamp":"2026-01-15T03:26:38.486868Z","level":"info","event":"(spark.submit.pyFiles,/home/airflow/.ivy2.5.2/jars/org.apache.hadoop_hadoop-aws-3.3.6.jar,/home/airflow/.ivy2.5.2/jars/com.amazonaws_aws-java-sdk-bundle-1.12.509.jar,/home/airflow/.ivy2.5.2/jars/org.wildfly.openssl_wildfly-openssl-1.1.3.Final.jar)","logger":"airflow.task.hooks.airflow.providers.apache.spark.hooks.spark_submit.SparkSubmitHook","filename":"spark_submit.py","lineno":643}
{"timestamp":"2026-01-15T03:26:38.486883Z","level":"info","event":"Classpath elements:","logger":"airflow.task.hooks.airflow.providers.apache.spark.hooks.spark_submit.SparkSubmitHook","filename":"spark_submit.py","lineno":643}
{"timestamp":"2026-01-15T03:26:38.486895Z","level":"info","event":"file:///home/airflow/.ivy2.5.2/jars/org.apache.hadoop_hadoop-aws-3.3.6.jar","logger":"airflow.task.hooks.airflow.providers.apache.spark.hooks.spark_submit.SparkSubmitHook","filename":"spark_submit.py","lineno":643}
{"timestamp":"2026-01-15T03:26:38.486906Z","level":"info","event":"file:///home/airflow/.ivy2.5.2/jars/com.amazonaws_aws-java-sdk-bundle-1.12.509.jar","logger":"airflow.task.hooks.airflow.providers.apache.spark.hooks.spark_submit.SparkSubmitHook","filename":"spark_submit.py","lineno":643}
{"timestamp":"2026-01-15T03:26:38.486917Z","level":"info","event":"file:///home/airflow/.ivy2.5.2/jars/org.wildfly.openssl_wildfly-openssl-1.1.3.Final.jar","logger":"airflow.task.hooks.airflow.providers.apache.spark.hooks.spark_submit.SparkSubmitHook","filename":"spark_submit.py","lineno":643}
{"timestamp":"2026-01-15T03:26:38.486927Z","level":"info","event":"","logger":"airflow.task.hooks.airflow.providers.apache.spark.hooks.spark_submit.SparkSubmitHook","filename":"spark_submit.py","lineno":643}
{"timestamp":"2026-01-15T03:26:38.486938Z","level":"info","event":"","logger":"airflow.task.hooks.airflow.providers.apache.spark.hooks.spark_submit.SparkSubmitHook","filename":"spark_submit.py","lineno":643}
{"timestamp":"2026-01-15T03:26:39.045760Z","level":"info","event":"Using Spark's default log4j profile: org/apache/spark/log4j2-defaults.properties","logger":"airflow.task.hooks.airflow.providers.apache.spark.hooks.spark_submit.SparkSubmitHook","filename":"spark_submit.py","lineno":643}
{"timestamp":"2026-01-15T03:26:39.047043Z","level":"info","event":"26/01/15 03:26:39 INFO SparkContext: Running Spark version 4.1.1","logger":"airflow.task.hooks.airflow.providers.apache.spark.hooks.spark_submit.SparkSubmitHook","filename":"spark_submit.py","lineno":643}
{"timestamp":"2026-01-15T03:26:39.047348Z","level":"info","event":"26/01/15 03:26:39 INFO SparkContext: OS info Linux, 6.12.54-linuxkit, aarch64","logger":"airflow.task.hooks.airflow.providers.apache.spark.hooks.spark_submit.SparkSubmitHook","filename":"spark_submit.py","lineno":643}
{"timestamp":"2026-01-15T03:26:39.047464Z","level":"info","event":"26/01/15 03:26:39 INFO SparkContext: Java version 17.0.17+10-Debian-1deb12u1","logger":"airflow.task.hooks.airflow.providers.apache.spark.hooks.spark_submit.SparkSubmitHook","filename":"spark_submit.py","lineno":643}
{"timestamp":"2026-01-15T03:26:39.058638Z","level":"info","event":"26/01/15 03:26:39 INFO ResourceUtils: ==============================================================","logger":"airflow.task.hooks.airflow.providers.apache.spark.hooks.spark_submit.SparkSubmitHook","filename":"spark_submit.py","lineno":643}
{"timestamp":"2026-01-15T03:26:39.058720Z","level":"info","event":"26/01/15 03:26:39 INFO ResourceUtils: No custom resources configured for spark.driver.","logger":"airflow.task.hooks.airflow.providers.apache.spark.hooks.spark_submit.SparkSubmitHook","filename":"spark_submit.py","lineno":643}
{"timestamp":"2026-01-15T03:26:39.058795Z","level":"info","event":"26/01/15 03:26:39 INFO ResourceUtils: ==============================================================","logger":"airflow.task.hooks.airflow.providers.apache.spark.hooks.spark_submit.SparkSubmitHook","filename":"spark_submit.py","lineno":643}
{"timestamp":"2026-01-15T03:26:39.058936Z","level":"info","event":"26/01/15 03:26:39 INFO SparkContext: Submitted application: HelloWorldToMinIO_DEBUG","logger":"airflow.task.hooks.airflow.providers.apache.spark.hooks.spark_submit.SparkSubmitHook","filename":"spark_submit.py","lineno":643}
{"timestamp":"2026-01-15T03:26:39.076682Z","level":"info","event":"26/01/15 03:26:39 INFO SecurityManager: Changing view acls to: airflow","logger":"airflow.task.hooks.airflow.providers.apache.spark.hooks.spark_submit.SparkSubmitHook","filename":"spark_submit.py","lineno":643}
{"timestamp":"2026-01-15T03:26:39.076768Z","level":"info","event":"26/01/15 03:26:39 INFO SecurityManager: Changing modify acls to: airflow","logger":"airflow.task.hooks.airflow.providers.apache.spark.hooks.spark_submit.SparkSubmitHook","filename":"spark_submit.py","lineno":643}
{"timestamp":"2026-01-15T03:26:39.076918Z","level":"info","event":"26/01/15 03:26:39 INFO SecurityManager: Changing view acls groups to: airflow","logger":"airflow.task.hooks.airflow.providers.apache.spark.hooks.spark_submit.SparkSubmitHook","filename":"spark_submit.py","lineno":643}
{"timestamp":"2026-01-15T03:26:39.077047Z","level":"info","event":"26/01/15 03:26:39 INFO SecurityManager: Changing modify acls groups to: airflow","logger":"airflow.task.hooks.airflow.providers.apache.spark.hooks.spark_submit.SparkSubmitHook","filename":"spark_submit.py","lineno":643}
{"timestamp":"2026-01-15T03:26:39.077254Z","level":"info","event":"26/01/15 03:26:39 INFO SecurityManager: SecurityManager: authentication disabled; ui acls disabled; users with view permissions: airflow groups with view permissions: EMPTY; users with modify permissions: airflow; groups with modify permissions: EMPTY; RPC SSL disabled","logger":"airflow.task.hooks.airflow.providers.apache.spark.hooks.spark_submit.SparkSubmitHook","filename":"spark_submit.py","lineno":643}
{"timestamp":"2026-01-15T03:26:39.165652Z","level":"info","event":"26/01/15 03:26:39 INFO Utils: Successfully started service 'sparkDriver' on port 42241.","logger":"airflow.task.hooks.airflow.providers.apache.spark.hooks.spark_submit.SparkSubmitHook","filename":"spark_submit.py","lineno":643}
{"timestamp":"2026-01-15T03:26:39.175129Z","level":"info","event":"26/01/15 03:26:39 INFO SparkEnv: Registering MapOutputTracker","logger":"airflow.task.hooks.airflow.providers.apache.spark.hooks.spark_submit.SparkSubmitHook","filename":"spark_submit.py","lineno":643}
{"timestamp":"2026-01-15T03:26:39.179518Z","level":"info","event":"26/01/15 03:26:39 INFO SparkEnv: Registering BlockManagerMaster","logger":"airflow.task.hooks.airflow.providers.apache.spark.hooks.spark_submit.SparkSubmitHook","filename":"spark_submit.py","lineno":643}
{"timestamp":"2026-01-15T03:26:39.184557Z","level":"info","event":"26/01/15 03:26:39 INFO BlockManagerMasterEndpoint: Using org.apache.spark.storage.DefaultTopologyMapper for getting topology information","logger":"airflow.task.hooks.airflow.providers.apache.spark.hooks.spark_submit.SparkSubmitHook","filename":"spark_submit.py","lineno":643}
{"timestamp":"2026-01-15T03:26:39.184722Z","level":"info","event":"26/01/15 03:26:39 INFO BlockManagerMasterEndpoint: BlockManagerMasterEndpoint up","logger":"airflow.task.hooks.airflow.providers.apache.spark.hooks.spark_submit.SparkSubmitHook","filename":"spark_submit.py","lineno":643}
{"timestamp":"2026-01-15T03:26:39.186019Z","level":"info","event":"26/01/15 03:26:39 INFO SparkEnv: Registering BlockManagerMasterHeartbeat","logger":"airflow.task.hooks.airflow.providers.apache.spark.hooks.spark_submit.SparkSubmitHook","filename":"spark_submit.py","lineno":643}
{"timestamp":"2026-01-15T03:26:39.193802Z","level":"info","event":"26/01/15 03:26:39 INFO DiskBlockManager: Created local directory at /tmp/blockmgr-0c981530-c634-4f62-847a-632a878d3563","logger":"airflow.task.hooks.airflow.providers.apache.spark.hooks.spark_submit.SparkSubmitHook","filename":"spark_submit.py","lineno":643}
{"timestamp":"2026-01-15T03:26:39.200947Z","level":"info","event":"26/01/15 03:26:39 INFO SparkEnv: Registering OutputCommitCoordinator","logger":"airflow.task.hooks.airflow.providers.apache.spark.hooks.spark_submit.SparkSubmitHook","filename":"spark_submit.py","lineno":643}
{"timestamp":"2026-01-15T03:26:39.248329Z","level":"info","event":"26/01/15 03:26:39 INFO JettyUtils: Start Jetty 0.0.0.0:4040 for SparkUI","logger":"airflow.task.hooks.airflow.providers.apache.spark.hooks.spark_submit.SparkSubmitHook","filename":"spark_submit.py","lineno":643}
{"timestamp":"2026-01-15T03:26:39.277618Z","level":"info","event":"26/01/15 03:26:39 INFO Utils: Successfully started service 'SparkUI' on port 4040.","logger":"airflow.task.hooks.airflow.providers.apache.spark.hooks.spark_submit.SparkSubmitHook","filename":"spark_submit.py","lineno":643}
{"timestamp":"2026-01-15T03:26:39.292163Z","level":"info","event":"26/01/15 03:26:39 INFO SparkContext: Added JAR file:///home/airflow/.ivy2.5.2/jars/org.apache.hadoop_hadoop-aws-3.3.6.jar at spark://f762a9d4202b:42241/jars/org.apache.hadoop_hadoop-aws-3.3.6.jar with timestamp 1768447599042","logger":"airflow.task.hooks.airflow.providers.apache.spark.hooks.spark_submit.SparkSubmitHook","filename":"spark_submit.py","lineno":643}
{"timestamp":"2026-01-15T03:26:39.292257Z","level":"info","event":"26/01/15 03:26:39 INFO SparkContext: Added JAR file:///home/airflow/.ivy2.5.2/jars/com.amazonaws_aws-java-sdk-bundle-1.12.509.jar at spark://f762a9d4202b:42241/jars/com.amazonaws_aws-java-sdk-bundle-1.12.509.jar with timestamp 1768447599042","logger":"airflow.task.hooks.airflow.providers.apache.spark.hooks.spark_submit.SparkSubmitHook","filename":"spark_submit.py","lineno":643}
{"timestamp":"2026-01-15T03:26:39.292390Z","level":"info","event":"26/01/15 03:26:39 INFO SparkContext: Added JAR file:///home/airflow/.ivy2.5.2/jars/org.wildfly.openssl_wildfly-openssl-1.1.3.Final.jar at spark://f762a9d4202b:42241/jars/org.wildfly.openssl_wildfly-openssl-1.1.3.Final.jar with timestamp 1768447599042","logger":"airflow.task.hooks.airflow.providers.apache.spark.hooks.spark_submit.SparkSubmitHook","filename":"spark_submit.py","lineno":643}
{"timestamp":"2026-01-15T03:26:39.293496Z","level":"info","event":"26/01/15 03:26:39 INFO SparkContext: Added file file:///home/airflow/.ivy2.5.2/jars/org.apache.hadoop_hadoop-aws-3.3.6.jar at spark://f762a9d4202b:42241/files/org.apache.hadoop_hadoop-aws-3.3.6.jar with timestamp 1768447599042","logger":"airflow.task.hooks.airflow.providers.apache.spark.hooks.spark_submit.SparkSubmitHook","filename":"spark_submit.py","lineno":643}
{"timestamp":"2026-01-15T03:26:39.293919Z","level":"info","event":"26/01/15 03:26:39 INFO Utils: Copying /home/airflow/.ivy2.5.2/jars/org.apache.hadoop_hadoop-aws-3.3.6.jar to /tmp/spark-e6d6f99b-48c9-4bc9-aa93-787f623ddaed/userFiles-047d38dc-3a09-4189-91c3-9710217aff58/org.apache.hadoop_hadoop-aws-3.3.6.jar","logger":"airflow.task.hooks.airflow.providers.apache.spark.hooks.spark_submit.SparkSubmitHook","filename":"spark_submit.py","lineno":643}
{"timestamp":"2026-01-15T03:26:39.298607Z","level":"info","event":"26/01/15 03:26:39 INFO SparkContext: Added file file:///home/airflow/.ivy2.5.2/jars/com.amazonaws_aws-java-sdk-bundle-1.12.509.jar at spark://f762a9d4202b:42241/files/com.amazonaws_aws-java-sdk-bundle-1.12.509.jar with timestamp 1768447599042","logger":"airflow.task.hooks.airflow.providers.apache.spark.hooks.spark_submit.SparkSubmitHook","filename":"spark_submit.py","lineno":643}
{"timestamp":"2026-01-15T03:26:39.298704Z","level":"info","event":"26/01/15 03:26:39 INFO Utils: Copying /home/airflow/.ivy2.5.2/jars/com.amazonaws_aws-java-sdk-bundle-1.12.509.jar to /tmp/spark-e6d6f99b-48c9-4bc9-aa93-787f623ddaed/userFiles-047d38dc-3a09-4189-91c3-9710217aff58/com.amazonaws_aws-java-sdk-bundle-1.12.509.jar","logger":"airflow.task.hooks.airflow.providers.apache.spark.hooks.spark_submit.SparkSubmitHook","filename":"spark_submit.py","lineno":643}
{"timestamp":"2026-01-15T03:26:39.505341Z","level":"info","event":"26/01/15 03:26:39 INFO SparkContext: Added file file:///home/airflow/.ivy2.5.2/jars/org.wildfly.openssl_wildfly-openssl-1.1.3.Final.jar at spark://f762a9d4202b:42241/files/org.wildfly.openssl_wildfly-openssl-1.1.3.Final.jar with timestamp 1768447599042","logger":"airflow.task.hooks.airflow.providers.apache.spark.hooks.spark_submit.SparkSubmitHook","filename":"spark_submit.py","lineno":643}
{"timestamp":"2026-01-15T03:26:39.505472Z","level":"info","event":"26/01/15 03:26:39 INFO Utils: Copying /home/airflow/.ivy2.5.2/jars/org.wildfly.openssl_wildfly-openssl-1.1.3.Final.jar to /tmp/spark-e6d6f99b-48c9-4bc9-aa93-787f623ddaed/userFiles-047d38dc-3a09-4189-91c3-9710217aff58/org.wildfly.openssl_wildfly-openssl-1.1.3.Final.jar","logger":"airflow.task.hooks.airflow.providers.apache.spark.hooks.spark_submit.SparkSubmitHook","filename":"spark_submit.py","lineno":643}
{"timestamp":"2026-01-15T03:26:39.516584Z","level":"info","event":"26/01/15 03:26:39 INFO ResourceProfile: Default ResourceProfile created, executor resources: Map(memory -> name: memory, amount: 1024, script: , vendor: , offHeap -> name: offHeap, amount: 0, script: , vendor: ), task resources: Map(cpus -> name: cpus, amount: 1.0)","logger":"airflow.task.hooks.airflow.providers.apache.spark.hooks.spark_submit.SparkSubmitHook","filename":"spark_submit.py","lineno":643}
{"timestamp":"2026-01-15T03:26:39.517055Z","level":"info","event":"26/01/15 03:26:39 INFO ResourceProfile: Limiting resource is cpu","logger":"airflow.task.hooks.airflow.providers.apache.spark.hooks.spark_submit.SparkSubmitHook","filename":"spark_submit.py","lineno":643}
{"timestamp":"2026-01-15T03:26:39.517232Z","level":"info","event":"26/01/15 03:26:39 INFO ResourceProfileManager: Added ResourceProfile id: 0","logger":"airflow.task.hooks.airflow.providers.apache.spark.hooks.spark_submit.SparkSubmitHook","filename":"spark_submit.py","lineno":643}
{"timestamp":"2026-01-15T03:26:39.521160Z","level":"info","event":"26/01/15 03:26:39 INFO SecurityManager: Changing view acls to: airflow","logger":"airflow.task.hooks.airflow.providers.apache.spark.hooks.spark_submit.SparkSubmitHook","filename":"spark_submit.py","lineno":643}
{"timestamp":"2026-01-15T03:26:39.521214Z","level":"info","event":"26/01/15 03:26:39 INFO SecurityManager: Changing modify acls to: airflow","logger":"airflow.task.hooks.airflow.providers.apache.spark.hooks.spark_submit.SparkSubmitHook","filename":"spark_submit.py","lineno":643}
{"timestamp":"2026-01-15T03:26:39.521265Z","level":"info","event":"26/01/15 03:26:39 INFO SecurityManager: Changing view acls groups to: airflow","logger":"airflow.task.hooks.airflow.providers.apache.spark.hooks.spark_submit.SparkSubmitHook","filename":"spark_submit.py","lineno":643}
{"timestamp":"2026-01-15T03:26:39.521324Z","level":"info","event":"26/01/15 03:26:39 INFO SecurityManager: Changing modify acls groups to: airflow","logger":"airflow.task.hooks.airflow.providers.apache.spark.hooks.spark_submit.SparkSubmitHook","filename":"spark_submit.py","lineno":643}
{"timestamp":"2026-01-15T03:26:39.521453Z","level":"info","event":"26/01/15 03:26:39 INFO SecurityManager: SecurityManager: authentication disabled; ui acls disabled; users with view permissions: airflow groups with view permissions: EMPTY; users with modify permissions: airflow; groups with modify permissions: EMPTY; RPC SSL disabled","logger":"airflow.task.hooks.airflow.providers.apache.spark.hooks.spark_submit.SparkSubmitHook","filename":"spark_submit.py","lineno":643}
{"timestamp":"2026-01-15T03:26:39.564866Z","level":"info","event":"26/01/15 03:26:39 INFO StandaloneAppClient$ClientEndpoint: Connecting to master spark://spark-master:7077...","logger":"airflow.task.hooks.airflow.providers.apache.spark.hooks.spark_submit.SparkSubmitHook","filename":"spark_submit.py","lineno":643}
{"timestamp":"2026-01-15T03:26:39.583030Z","level":"info","event":"26/01/15 03:26:39 INFO TransportClientFactory: Successfully created connection to spark-master/172.18.0.2:7077 after 9 ms (0 ms spent in bootstraps)","logger":"airflow.task.hooks.airflow.providers.apache.spark.hooks.spark_submit.SparkSubmitHook","filename":"spark_submit.py","lineno":643}
{"timestamp":"2026-01-15T03:26:39.650569Z","level":"info","event":"26/01/15 03:26:39 INFO StandaloneSchedulerBackend: Connected to Spark cluster with app ID app-20260115032639-0005","logger":"airflow.task.hooks.airflow.providers.apache.spark.hooks.spark_submit.SparkSubmitHook","filename":"spark_submit.py","lineno":643}
{"timestamp":"2026-01-15T03:26:39.653025Z","level":"info","event":"26/01/15 03:26:39 INFO StandaloneAppClient$ClientEndpoint: Executor added: app-20260115032639-0005/0 on worker-20260115014016-172.18.0.6-40747 (172.18.0.6:40747) with 2 core(s)","logger":"airflow.task.hooks.airflow.providers.apache.spark.hooks.spark_submit.SparkSubmitHook","filename":"spark_submit.py","lineno":643}
{"timestamp":"2026-01-15T03:26:39.654455Z","level":"info","event":"26/01/15 03:26:39 INFO StandaloneSchedulerBackend: Granted executor ID app-20260115032639-0005/0 on hostPort 172.18.0.6:40747 with 2 core(s), 1024.0 MiB RAM","logger":"airflow.task.hooks.airflow.providers.apache.spark.hooks.spark_submit.SparkSubmitHook","filename":"spark_submit.py","lineno":643}
{"timestamp":"2026-01-15T03:26:39.654571Z","level":"info","event":"26/01/15 03:26:39 INFO StandaloneAppClient$ClientEndpoint: Executor added: app-20260115032639-0005/1 on worker-20260115014016-172.18.0.5-41787 (172.18.0.5:41787) with 2 core(s)","logger":"airflow.task.hooks.airflow.providers.apache.spark.hooks.spark_submit.SparkSubmitHook","filename":"spark_submit.py","lineno":643}
{"timestamp":"2026-01-15T03:26:39.654709Z","level":"info","event":"26/01/15 03:26:39 INFO StandaloneSchedulerBackend: Granted executor ID app-20260115032639-0005/1 on hostPort 172.18.0.5:41787 with 2 core(s), 1024.0 MiB RAM","logger":"airflow.task.hooks.airflow.providers.apache.spark.hooks.spark_submit.SparkSubmitHook","filename":"spark_submit.py","lineno":643}
{"timestamp":"2026-01-15T03:26:39.658241Z","level":"info","event":"26/01/15 03:26:39 INFO Utils: Successfully started service 'org.apache.spark.network.netty.NettyBlockTransferService' on port 45785.","logger":"airflow.task.hooks.airflow.providers.apache.spark.hooks.spark_submit.SparkSubmitHook","filename":"spark_submit.py","lineno":643}
{"timestamp":"2026-01-15T03:26:39.658538Z","level":"info","event":"26/01/15 03:26:39 INFO NettyBlockTransferService: Server created on f762a9d4202b:45785","logger":"airflow.task.hooks.airflow.providers.apache.spark.hooks.spark_submit.SparkSubmitHook","filename":"spark_submit.py","lineno":643}
{"timestamp":"2026-01-15T03:26:39.660433Z","level":"info","event":"26/01/15 03:26:39 INFO BlockManager: Using org.apache.spark.storage.RandomBlockReplicationPolicy for block replication policy","logger":"airflow.task.hooks.airflow.providers.apache.spark.hooks.spark_submit.SparkSubmitHook","filename":"spark_submit.py","lineno":643}
{"timestamp":"2026-01-15T03:26:39.669390Z","level":"info","event":"26/01/15 03:26:39 INFO BlockManagerMaster: Registering BlockManager BlockManagerId(driver, f762a9d4202b, 45785, None)","logger":"airflow.task.hooks.airflow.providers.apache.spark.hooks.spark_submit.SparkSubmitHook","filename":"spark_submit.py","lineno":643}
{"timestamp":"2026-01-15T03:26:39.672239Z","level":"info","event":"26/01/15 03:26:39 INFO BlockManagerMasterEndpoint: Registering block manager f762a9d4202b:45785 with 434.4 MiB RAM, BlockManagerId(driver, f762a9d4202b, 45785, None)","logger":"airflow.task.hooks.airflow.providers.apache.spark.hooks.spark_submit.SparkSubmitHook","filename":"spark_submit.py","lineno":643}
{"timestamp":"2026-01-15T03:26:39.674406Z","level":"info","event":"26/01/15 03:26:39 INFO BlockManagerMaster: Registered BlockManager BlockManagerId(driver, f762a9d4202b, 45785, None)","logger":"airflow.task.hooks.airflow.providers.apache.spark.hooks.spark_submit.SparkSubmitHook","filename":"spark_submit.py","lineno":643}
{"timestamp":"2026-01-15T03:26:39.675053Z","level":"info","event":"26/01/15 03:26:39 INFO BlockManager: Initialized BlockManager: BlockManagerId(driver, f762a9d4202b, 45785, None)","logger":"airflow.task.hooks.airflow.providers.apache.spark.hooks.spark_submit.SparkSubmitHook","filename":"spark_submit.py","lineno":643}
{"timestamp":"2026-01-15T03:26:39.689516Z","level":"info","event":"26/01/15 03:26:39 INFO StandaloneAppClient$ClientEndpoint: Executor updated: app-20260115032639-0005/0 is now RUNNING","logger":"airflow.task.hooks.airflow.providers.apache.spark.hooks.spark_submit.SparkSubmitHook","filename":"spark_submit.py","lineno":643}
{"timestamp":"2026-01-15T03:26:39.700550Z","level":"info","event":"26/01/15 03:26:39 INFO StandaloneAppClient$ClientEndpoint: Executor updated: app-20260115032639-0005/1 is now RUNNING","logger":"airflow.task.hooks.airflow.providers.apache.spark.hooks.spark_submit.SparkSubmitHook","filename":"spark_submit.py","lineno":643}
{"timestamp":"2026-01-15T03:26:39.781387Z","level":"info","event":"26/01/15 03:26:39 INFO StandaloneSchedulerBackend: SchedulerBackend is ready for scheduling beginning after reached minRegisteredResourcesRatio: 0.0","logger":"airflow.task.hooks.airflow.providers.apache.spark.hooks.spark_submit.SparkSubmitHook","filename":"spark_submit.py","lineno":643}
{"timestamp":"2026-01-15T03:26:41.019238Z","level":"info","event":"","logger":"airflow.task.hooks.airflow.providers.apache.spark.hooks.spark_submit.SparkSubmitHook","filename":"spark_submit.py","lineno":643}
{"timestamp":"2026-01-15T03:26:41.019495Z","level":"info","event":"========== DEBUG: Hadoop S3A CONFIG ==========","logger":"airflow.task.hooks.airflow.providers.apache.spark.hooks.spark_submit.SparkSubmitHook","filename":"spark_submit.py","lineno":643}
{"timestamp":"2026-01-15T03:26:41.170841Z","level":"info","event":"26/01/15 03:26:41 INFO StandaloneSchedulerBackend$StandaloneDriverEndpoint: Registered executor NettyRpcEndpointRef(spark-client://Executor) (172.18.0.5:40468) with ID 1, ResourceProfileId 0","logger":"airflow.task.hooks.airflow.providers.apache.spark.hooks.spark_submit.SparkSubmitHook","filename":"spark_submit.py","lineno":643}
{"timestamp":"2026-01-15T03:26:41.171768Z","level":"info","event":"26/01/15 03:26:41 INFO StandaloneSchedulerBackend$StandaloneDriverEndpoint: Registered executor NettyRpcEndpointRef(spark-client://Executor) (172.18.0.6:48946) with ID 0, ResourceProfileId 0","logger":"airflow.task.hooks.airflow.providers.apache.spark.hooks.spark_submit.SparkSubmitHook","filename":"spark_submit.py","lineno":643}
{"timestamp":"2026-01-15T03:26:41.180379Z","level":"info","event":"fs.AbstractFileSystem.s3a.impl = org.apache.hadoop.fs.s3a.S3A","logger":"airflow.task.hooks.airflow.providers.apache.spark.hooks.spark_submit.SparkSubmitHook","filename":"spark_submit.py","lineno":643}
{"timestamp":"2026-01-15T03:26:41.180478Z","level":"info","event":"fs.s3a.access.key = minioadmin","logger":"airflow.task.hooks.airflow.providers.apache.spark.hooks.spark_submit.SparkSubmitHook","filename":"spark_submit.py","lineno":643}
{"timestamp":"2026-01-15T03:26:41.180512Z","level":"info","event":"fs.s3a.accesspoint.required = false","logger":"airflow.task.hooks.airflow.providers.apache.spark.hooks.spark_submit.SparkSubmitHook","filename":"spark_submit.py","lineno":643}
{"timestamp":"2026-01-15T03:26:41.180538Z","level":"info","event":"fs.s3a.assumed.role.credentials.provider = org.apache.hadoop.fs.s3a.SimpleAWSCredentialsProvider","logger":"airflow.task.hooks.airflow.providers.apache.spark.hooks.spark_submit.SparkSubmitHook","filename":"spark_submit.py","lineno":643}
{"timestamp":"2026-01-15T03:26:41.180557Z","level":"info","event":"fs.s3a.assumed.role.session.duration = 30m","logger":"airflow.task.hooks.airflow.providers.apache.spark.hooks.spark_submit.SparkSubmitHook","filename":"spark_submit.py","lineno":643}
{"timestamp":"2026-01-15T03:26:41.180569Z","level":"info","event":"fs.s3a.attempts.maximum = 5","logger":"airflow.task.hooks.airflow.providers.apache.spark.hooks.spark_submit.SparkSubmitHook","filename":"spark_submit.py","lineno":643}
{"timestamp":"2026-01-15T03:26:41.180592Z","level":"info","event":"fs.s3a.audit.enabled = true","logger":"airflow.task.hooks.airflow.providers.apache.spark.hooks.spark_submit.SparkSubmitHook","filename":"spark_submit.py","lineno":643}
{"timestamp":"2026-01-15T03:26:41.180608Z","level":"info","event":"fs.s3a.aws.credentials.provider =","logger":"airflow.task.hooks.airflow.providers.apache.spark.hooks.spark_submit.SparkSubmitHook","filename":"spark_submit.py","lineno":643}
{"timestamp":"2026-01-15T03:26:41.180619Z","level":"info","event":"org.apache.hadoop.fs.s3a.TemporaryAWSCredentialsProvider,","logger":"airflow.task.hooks.airflow.providers.apache.spark.hooks.spark_submit.SparkSubmitHook","filename":"spark_submit.py","lineno":643}
{"timestamp":"2026-01-15T03:26:41.180640Z","level":"info","event":"org.apache.hadoop.fs.s3a.SimpleAWSCredentialsProvider,","logger":"airflow.task.hooks.airflow.providers.apache.spark.hooks.spark_submit.SparkSubmitHook","filename":"spark_submit.py","lineno":643}
{"timestamp":"2026-01-15T03:26:41.180655Z","level":"info","event":"software.amazon.awssdk.auth.credentials.EnvironmentVariableCredentialsProvider,","logger":"airflow.task.hooks.airflow.providers.apache.spark.hooks.spark_submit.SparkSubmitHook","filename":"spark_submit.py","lineno":643}
{"timestamp":"2026-01-15T03:26:41.180667Z","level":"info","event":"org.apache.hadoop.fs.s3a.auth.IAMInstanceCredentialsProvider","logger":"airflow.task.hooks.airflow.providers.apache.spark.hooks.spark_submit.SparkSubmitHook","filename":"spark_submit.py","lineno":643}
{"timestamp":"2026-01-15T03:26:41.180678Z","level":"info","event":"","logger":"airflow.task.hooks.airflow.providers.apache.spark.hooks.spark_submit.SparkSubmitHook","filename":"spark_submit.py","lineno":643}
{"timestamp":"2026-01-15T03:26:41.180692Z","level":"info","event":"fs.s3a.block.size = 32M","logger":"airflow.task.hooks.airflow.providers.apache.spark.hooks.spark_submit.SparkSubmitHook","filename":"spark_submit.py","lineno":643}
{"timestamp":"2026-01-15T03:26:41.180703Z","level":"info","event":"fs.s3a.buffer.dir = ${env.LOCAL_DIRS:-${hadoop.tmp.dir}}/s3a","logger":"airflow.task.hooks.airflow.providers.apache.spark.hooks.spark_submit.SparkSubmitHook","filename":"spark_submit.py","lineno":643}
{"timestamp":"2026-01-15T03:26:41.180713Z","level":"info","event":"fs.s3a.change.detection.mode = server","logger":"airflow.task.hooks.airflow.providers.apache.spark.hooks.spark_submit.SparkSubmitHook","filename":"spark_submit.py","lineno":643}
{"timestamp":"2026-01-15T03:26:41.180724Z","level":"info","event":"fs.s3a.change.detection.source = etag","logger":"airflow.task.hooks.airflow.providers.apache.spark.hooks.spark_submit.SparkSubmitHook","filename":"spark_submit.py","lineno":643}
{"timestamp":"2026-01-15T03:26:41.180743Z","level":"info","event":"fs.s3a.change.detection.version.required = true","logger":"airflow.task.hooks.airflow.providers.apache.spark.hooks.spark_submit.SparkSubmitHook","filename":"spark_submit.py","lineno":643}
{"timestamp":"2026-01-15T03:26:41.180754Z","level":"info","event":"fs.s3a.committer.abort.pending.uploads = true","logger":"airflow.task.hooks.airflow.providers.apache.spark.hooks.spark_submit.SparkSubmitHook","filename":"spark_submit.py","lineno":643}
{"timestamp":"2026-01-15T03:26:41.180765Z","level":"info","event":"fs.s3a.committer.magic.enabled = true","logger":"airflow.task.hooks.airflow.providers.apache.spark.hooks.spark_submit.SparkSubmitHook","filename":"spark_submit.py","lineno":643}
{"timestamp":"2026-01-15T03:26:41.180775Z","level":"info","event":"fs.s3a.committer.name = file","logger":"airflow.task.hooks.airflow.providers.apache.spark.hooks.spark_submit.SparkSubmitHook","filename":"spark_submit.py","lineno":643}
{"timestamp":"2026-01-15T03:26:41.180786Z","level":"info","event":"fs.s3a.committer.staging.conflict-mode = append","logger":"airflow.task.hooks.airflow.providers.apache.spark.hooks.spark_submit.SparkSubmitHook","filename":"spark_submit.py","lineno":643}
{"timestamp":"2026-01-15T03:26:41.180796Z","level":"info","event":"fs.s3a.committer.staging.tmp.path = tmp/staging","logger":"airflow.task.hooks.airflow.providers.apache.spark.hooks.spark_submit.SparkSubmitHook","filename":"spark_submit.py","lineno":643}
{"timestamp":"2026-01-15T03:26:41.180806Z","level":"info","event":"fs.s3a.committer.staging.unique-filenames = true","logger":"airflow.task.hooks.airflow.providers.apache.spark.hooks.spark_submit.SparkSubmitHook","filename":"spark_submit.py","lineno":643}
{"timestamp":"2026-01-15T03:26:41.180817Z","level":"info","event":"fs.s3a.committer.threads = 8","logger":"airflow.task.hooks.airflow.providers.apache.spark.hooks.spark_submit.SparkSubmitHook","filename":"spark_submit.py","lineno":643}
{"timestamp":"2026-01-15T03:26:41.180827Z","level":"info","event":"fs.s3a.connection.establish.timeout = 60000","logger":"airflow.task.hooks.airflow.providers.apache.spark.hooks.spark_submit.SparkSubmitHook","filename":"spark_submit.py","lineno":643}
{"timestamp":"2026-01-15T03:26:41.180837Z","level":"info","event":"fs.s3a.connection.maximum = 500","logger":"airflow.task.hooks.airflow.providers.apache.spark.hooks.spark_submit.SparkSubmitHook","filename":"spark_submit.py","lineno":643}
{"timestamp":"2026-01-15T03:26:41.180848Z","level":"info","event":"fs.s3a.connection.ssl.enabled = false","logger":"airflow.task.hooks.airflow.providers.apache.spark.hooks.spark_submit.SparkSubmitHook","filename":"spark_submit.py","lineno":643}
{"timestamp":"2026-01-15T03:26:41.180858Z","level":"info","event":"fs.s3a.connection.timeout = 60000","logger":"airflow.task.hooks.airflow.providers.apache.spark.hooks.spark_submit.SparkSubmitHook","filename":"spark_submit.py","lineno":643}
{"timestamp":"2026-01-15T03:26:41.180869Z","level":"info","event":"fs.s3a.connection.ttl = 5m","logger":"airflow.task.hooks.airflow.providers.apache.spark.hooks.spark_submit.SparkSubmitHook","filename":"spark_submit.py","lineno":643}
{"timestamp":"2026-01-15T03:26:41.180879Z","level":"info","event":"fs.s3a.downgrade.syncable.exceptions = true","logger":"airflow.task.hooks.airflow.providers.apache.spark.hooks.spark_submit.SparkSubmitHook","filename":"spark_submit.py","lineno":643}
{"timestamp":"2026-01-15T03:26:41.180889Z","level":"info","event":"fs.s3a.endpoint = http://minio:9000","logger":"airflow.task.hooks.airflow.providers.apache.spark.hooks.spark_submit.SparkSubmitHook","filename":"spark_submit.py","lineno":643}
{"timestamp":"2026-01-15T03:26:41.180899Z","level":"info","event":"fs.s3a.etag.checksum.enabled = false","logger":"airflow.task.hooks.airflow.providers.apache.spark.hooks.spark_submit.SparkSubmitHook","filename":"spark_submit.py","lineno":643}
{"timestamp":"2026-01-15T03:26:41.180909Z","level":"info","event":"fs.s3a.executor.capacity = 16","logger":"airflow.task.hooks.airflow.providers.apache.spark.hooks.spark_submit.SparkSubmitHook","filename":"spark_submit.py","lineno":643}
{"timestamp":"2026-01-15T03:26:41.180920Z","level":"info","event":"fs.s3a.fast.upload.active.blocks = 4","logger":"airflow.task.hooks.airflow.providers.apache.spark.hooks.spark_submit.SparkSubmitHook","filename":"spark_submit.py","lineno":643}
{"timestamp":"2026-01-15T03:26:41.180930Z","level":"info","event":"fs.s3a.fast.upload.buffer = disk","logger":"airflow.task.hooks.airflow.providers.apache.spark.hooks.spark_submit.SparkSubmitHook","filename":"spark_submit.py","lineno":643}
{"timestamp":"2026-01-15T03:26:41.180940Z","level":"info","event":"fs.s3a.impl = org.apache.hadoop.fs.s3a.S3AFileSystem","logger":"airflow.task.hooks.airflow.providers.apache.spark.hooks.spark_submit.SparkSubmitHook","filename":"spark_submit.py","lineno":643}
{"timestamp":"2026-01-15T03:26:41.180950Z","level":"info","event":"fs.s3a.list.version = 2","logger":"airflow.task.hooks.airflow.providers.apache.spark.hooks.spark_submit.SparkSubmitHook","filename":"spark_submit.py","lineno":643}
{"timestamp":"2026-01-15T03:26:41.180960Z","level":"info","event":"fs.s3a.max.total.tasks = 32","logger":"airflow.task.hooks.airflow.providers.apache.spark.hooks.spark_submit.SparkSubmitHook","filename":"spark_submit.py","lineno":643}
{"timestamp":"2026-01-15T03:26:41.180970Z","level":"info","event":"fs.s3a.multiobjectdelete.enable = true","logger":"airflow.task.hooks.airflow.providers.apache.spark.hooks.spark_submit.SparkSubmitHook","filename":"spark_submit.py","lineno":643}
{"timestamp":"2026-01-15T03:26:41.180980Z","level":"info","event":"fs.s3a.multipart.purge = false","logger":"airflow.task.hooks.airflow.providers.apache.spark.hooks.spark_submit.SparkSubmitHook","filename":"spark_submit.py","lineno":643}
{"timestamp":"2026-01-15T03:26:41.180990Z","level":"info","event":"fs.s3a.multipart.purge.age = 24h","logger":"airflow.task.hooks.airflow.providers.apache.spark.hooks.spark_submit.SparkSubmitHook","filename":"spark_submit.py","lineno":643}
{"timestamp":"2026-01-15T03:26:41.181013Z","level":"info","event":"fs.s3a.multipart.size = 64M","logger":"airflow.task.hooks.airflow.providers.apache.spark.hooks.spark_submit.SparkSubmitHook","filename":"spark_submit.py","lineno":643}
{"timestamp":"2026-01-15T03:26:41.181026Z","level":"info","event":"fs.s3a.multipart.threshold = 128M","logger":"airflow.task.hooks.airflow.providers.apache.spark.hooks.spark_submit.SparkSubmitHook","filename":"spark_submit.py","lineno":643}
{"timestamp":"2026-01-15T03:26:41.181036Z","level":"info","event":"fs.s3a.paging.maximum = 5000","logger":"airflow.task.hooks.airflow.providers.apache.spark.hooks.spark_submit.SparkSubmitHook","filename":"spark_submit.py","lineno":643}
{"timestamp":"2026-01-15T03:26:41.181047Z","level":"info","event":"fs.s3a.path.style.access = true","logger":"airflow.task.hooks.airflow.providers.apache.spark.hooks.spark_submit.SparkSubmitHook","filename":"spark_submit.py","lineno":643}
{"timestamp":"2026-01-15T03:26:41.181057Z","level":"info","event":"fs.s3a.readahead.range = 64K","logger":"airflow.task.hooks.airflow.providers.apache.spark.hooks.spark_submit.SparkSubmitHook","filename":"spark_submit.py","lineno":643}
{"timestamp":"2026-01-15T03:26:41.181067Z","level":"info","event":"fs.s3a.retry.interval = 5000","logger":"airflow.task.hooks.airflow.providers.apache.spark.hooks.spark_submit.SparkSubmitHook","filename":"spark_submit.py","lineno":643}
{"timestamp":"2026-01-15T03:26:41.181078Z","level":"info","event":"fs.s3a.retry.limit = 7","logger":"airflow.task.hooks.airflow.providers.apache.spark.hooks.spark_submit.SparkSubmitHook","filename":"spark_submit.py","lineno":643}
{"timestamp":"2026-01-15T03:26:41.181088Z","level":"info","event":"fs.s3a.retry.throttle.interval = 100ms","logger":"airflow.task.hooks.airflow.providers.apache.spark.hooks.spark_submit.SparkSubmitHook","filename":"spark_submit.py","lineno":643}
{"timestamp":"2026-01-15T03:26:41.181112Z","level":"info","event":"fs.s3a.retry.throttle.limit = 20","logger":"airflow.task.hooks.airflow.providers.apache.spark.hooks.spark_submit.SparkSubmitHook","filename":"spark_submit.py","lineno":643}
{"timestamp":"2026-01-15T03:26:41.181127Z","level":"info","event":"fs.s3a.secret.key = minioadmin","logger":"airflow.task.hooks.airflow.providers.apache.spark.hooks.spark_submit.SparkSubmitHook","filename":"spark_submit.py","lineno":643}
{"timestamp":"2026-01-15T03:26:41.181144Z","level":"info","event":"fs.s3a.select.enabled = true","logger":"airflow.task.hooks.airflow.providers.apache.spark.hooks.spark_submit.SparkSubmitHook","filename":"spark_submit.py","lineno":643}
{"timestamp":"2026-01-15T03:26:41.181167Z","level":"info","event":"fs.s3a.select.errors.include.sql = false","logger":"airflow.task.hooks.airflow.providers.apache.spark.hooks.spark_submit.SparkSubmitHook","filename":"spark_submit.py","lineno":643}
{"timestamp":"2026-01-15T03:26:41.181183Z","level":"info","event":"fs.s3a.select.input.compression = none","logger":"airflow.task.hooks.airflow.providers.apache.spark.hooks.spark_submit.SparkSubmitHook","filename":"spark_submit.py","lineno":643}
{"timestamp":"2026-01-15T03:26:41.181193Z","level":"info","event":"fs.s3a.select.input.csv.comment.marker = #","logger":"airflow.task.hooks.airflow.providers.apache.spark.hooks.spark_submit.SparkSubmitHook","filename":"spark_submit.py","lineno":643}
{"timestamp":"2026-01-15T03:26:41.181203Z","level":"info","event":"fs.s3a.select.input.csv.field.delimiter = ,","logger":"airflow.task.hooks.airflow.providers.apache.spark.hooks.spark_submit.SparkSubmitHook","filename":"spark_submit.py","lineno":643}
{"timestamp":"2026-01-15T03:26:41.181213Z","level":"info","event":"fs.s3a.select.input.csv.header = none","logger":"airflow.task.hooks.airflow.providers.apache.spark.hooks.spark_submit.SparkSubmitHook","filename":"spark_submit.py","lineno":643}
{"timestamp":"2026-01-15T03:26:41.181223Z","level":"info","event":"fs.s3a.select.input.csv.quote.character = \"","logger":"airflow.task.hooks.airflow.providers.apache.spark.hooks.spark_submit.SparkSubmitHook","filename":"spark_submit.py","lineno":643}
{"timestamp":"2026-01-15T03:26:41.181234Z","level":"info","event":"fs.s3a.select.input.csv.quote.escape.character = \\\\","logger":"airflow.task.hooks.airflow.providers.apache.spark.hooks.spark_submit.SparkSubmitHook","filename":"spark_submit.py","lineno":643}
{"timestamp":"2026-01-15T03:26:41.181244Z","level":"info","event":"fs.s3a.select.input.csv.record.delimiter = \\n","logger":"airflow.task.hooks.airflow.providers.apache.spark.hooks.spark_submit.SparkSubmitHook","filename":"spark_submit.py","lineno":643}
{"timestamp":"2026-01-15T03:26:41.181254Z","level":"info","event":"fs.s3a.select.output.csv.field.delimiter = ,","logger":"airflow.task.hooks.airflow.providers.apache.spark.hooks.spark_submit.SparkSubmitHook","filename":"spark_submit.py","lineno":643}
{"timestamp":"2026-01-15T03:26:41.181264Z","level":"info","event":"fs.s3a.select.output.csv.quote.character = \"","logger":"airflow.task.hooks.airflow.providers.apache.spark.hooks.spark_submit.SparkSubmitHook","filename":"spark_submit.py","lineno":643}
{"timestamp":"2026-01-15T03:26:41.181274Z","level":"info","event":"fs.s3a.select.output.csv.quote.escape.character = \\\\","logger":"airflow.task.hooks.airflow.providers.apache.spark.hooks.spark_submit.SparkSubmitHook","filename":"spark_submit.py","lineno":643}
{"timestamp":"2026-01-15T03:26:41.181285Z","level":"info","event":"fs.s3a.select.output.csv.quote.fields = always","logger":"airflow.task.hooks.airflow.providers.apache.spark.hooks.spark_submit.SparkSubmitHook","filename":"spark_submit.py","lineno":643}
{"timestamp":"2026-01-15T03:26:41.181295Z","level":"info","event":"fs.s3a.select.output.csv.record.delimiter = \\n","logger":"airflow.task.hooks.airflow.providers.apache.spark.hooks.spark_submit.SparkSubmitHook","filename":"spark_submit.py","lineno":643}
{"timestamp":"2026-01-15T03:26:41.181305Z","level":"info","event":"fs.s3a.socket.recv.buffer = 8192","logger":"airflow.task.hooks.airflow.providers.apache.spark.hooks.spark_submit.SparkSubmitHook","filename":"spark_submit.py","lineno":643}
{"timestamp":"2026-01-15T03:26:41.181315Z","level":"info","event":"fs.s3a.socket.send.buffer = 8192","logger":"airflow.task.hooks.airflow.providers.apache.spark.hooks.spark_submit.SparkSubmitHook","filename":"spark_submit.py","lineno":643}
{"timestamp":"2026-01-15T03:26:41.181325Z","level":"info","event":"fs.s3a.ssl.channel.mode = default_jsse","logger":"airflow.task.hooks.airflow.providers.apache.spark.hooks.spark_submit.SparkSubmitHook","filename":"spark_submit.py","lineno":643}
{"timestamp":"2026-01-15T03:26:41.181335Z","level":"info","event":"fs.s3a.threads.keepalivetime = 60000","logger":"airflow.task.hooks.airflow.providers.apache.spark.hooks.spark_submit.SparkSubmitHook","filename":"spark_submit.py","lineno":643}
{"timestamp":"2026-01-15T03:26:41.181345Z","level":"info","event":"fs.s3a.threads.max = 96","logger":"airflow.task.hooks.airflow.providers.apache.spark.hooks.spark_submit.SparkSubmitHook","filename":"spark_submit.py","lineno":643}
{"timestamp":"2026-01-15T03:26:41.181355Z","level":"info","event":"fs.s3a.vectored.read.max.merged.size = 2M","logger":"airflow.task.hooks.airflow.providers.apache.spark.hooks.spark_submit.SparkSubmitHook","filename":"spark_submit.py","lineno":643}
{"timestamp":"2026-01-15T03:26:41.181366Z","level":"info","event":"fs.s3a.vectored.read.min.seek.size = 128K","logger":"airflow.task.hooks.airflow.providers.apache.spark.hooks.spark_submit.SparkSubmitHook","filename":"spark_submit.py","lineno":643}
{"timestamp":"2026-01-15T03:26:41.181377Z","level":"info","event":"fs.viewfs.overload.scheme.target.s3a.impl = org.apache.hadoop.fs.s3a.S3AFileSystem","logger":"airflow.task.hooks.airflow.providers.apache.spark.hooks.spark_submit.SparkSubmitHook","filename":"spark_submit.py","lineno":643}
{"timestamp":"2026-01-15T03:26:41.181388Z","level":"info","event":"mapreduce.outputcommitter.factory.scheme.s3a = org.apache.hadoop.fs.s3a.commit.S3ACommitterFactory","logger":"airflow.task.hooks.airflow.providers.apache.spark.hooks.spark_submit.SparkSubmitHook","filename":"spark_submit.py","lineno":643}
{"timestamp":"2026-01-15T03:26:41.181398Z","level":"info","event":"==============================================","logger":"airflow.task.hooks.airflow.providers.apache.spark.hooks.spark_submit.SparkSubmitHook","filename":"spark_submit.py","lineno":643}
{"timestamp":"2026-01-15T03:26:41.181409Z","level":"info","event":"","logger":"airflow.task.hooks.airflow.providers.apache.spark.hooks.spark_submit.SparkSubmitHook","filename":"spark_submit.py","lineno":643}
{"timestamp":"2026-01-15T03:26:41.181429Z","level":"info","event":"--- Creating DataFrame ---","logger":"airflow.task.hooks.airflow.providers.apache.spark.hooks.spark_submit.SparkSubmitHook","filename":"spark_submit.py","lineno":643}
{"timestamp":"2026-01-15T03:26:41.184180Z","level":"info","event":"26/01/15 03:26:41 INFO SharedState: Setting hive.metastore.warehouse.dir ('null') to the value of spark.sql.warehouse.dir.","logger":"airflow.task.hooks.airflow.providers.apache.spark.hooks.spark_submit.SparkSubmitHook","filename":"spark_submit.py","lineno":643}
{"timestamp":"2026-01-15T03:26:41.185199Z","level":"info","event":"26/01/15 03:26:41 INFO SharedState: Warehouse path is 'file:/opt/airflow/spark-warehouse'.","logger":"airflow.task.hooks.airflow.providers.apache.spark.hooks.spark_submit.SparkSubmitHook","filename":"spark_submit.py","lineno":643}
{"timestamp":"2026-01-15T03:26:41.280949Z","level":"info","event":"26/01/15 03:26:41 INFO BlockManagerMasterEndpoint: Registering block manager 172.18.0.6:37051 with 434.4 MiB RAM, BlockManagerId(0, 172.18.0.6, 37051, None)","logger":"airflow.task.hooks.airflow.providers.apache.spark.hooks.spark_submit.SparkSubmitHook","filename":"spark_submit.py","lineno":643}
{"timestamp":"2026-01-15T03:26:41.283188Z","level":"info","event":"26/01/15 03:26:41 INFO BlockManagerMasterEndpoint: Registering block manager 172.18.0.5:40963 with 434.4 MiB RAM, BlockManagerId(1, 172.18.0.5, 40963, None)","logger":"airflow.task.hooks.airflow.providers.apache.spark.hooks.spark_submit.SparkSubmitHook","filename":"spark_submit.py","lineno":643}
{"timestamp":"2026-01-15T03:26:42.298224Z","level":"info","event":"26/01/15 03:26:42 INFO CodeGenerator: Code generated in 88.74125 ms","logger":"airflow.task.hooks.airflow.providers.apache.spark.hooks.spark_submit.SparkSubmitHook","filename":"spark_submit.py","lineno":643}
{"timestamp":"2026-01-15T03:26:42.316311Z","level":"info","event":"26/01/15 03:26:42 INFO SparkContext: Starting job: showString at NativeMethodAccessorImpl.java:0","logger":"airflow.task.hooks.airflow.providers.apache.spark.hooks.spark_submit.SparkSubmitHook","filename":"spark_submit.py","lineno":643}
{"timestamp":"2026-01-15T03:26:42.322671Z","level":"info","event":"26/01/15 03:26:42 INFO DAGScheduler: Got job 0 (showString at NativeMethodAccessorImpl.java:0) with 1 output partitions","logger":"airflow.task.hooks.airflow.providers.apache.spark.hooks.spark_submit.SparkSubmitHook","filename":"spark_submit.py","lineno":643}
{"timestamp":"2026-01-15T03:26:42.322987Z","level":"info","event":"26/01/15 03:26:42 INFO DAGScheduler: Final stage: ResultStage 0 (showString at NativeMethodAccessorImpl.java:0)","logger":"airflow.task.hooks.airflow.providers.apache.spark.hooks.spark_submit.SparkSubmitHook","filename":"spark_submit.py","lineno":643}
{"timestamp":"2026-01-15T03:26:42.323139Z","level":"info","event":"26/01/15 03:26:42 INFO DAGScheduler: Parents of final stage: List()","logger":"airflow.task.hooks.airflow.providers.apache.spark.hooks.spark_submit.SparkSubmitHook","filename":"spark_submit.py","lineno":643}
{"timestamp":"2026-01-15T03:26:42.323538Z","level":"info","event":"26/01/15 03:26:42 INFO DAGScheduler: Missing parents: List()","logger":"airflow.task.hooks.airflow.providers.apache.spark.hooks.spark_submit.SparkSubmitHook","filename":"spark_submit.py","lineno":643}
{"timestamp":"2026-01-15T03:26:42.324455Z","level":"info","event":"26/01/15 03:26:42 INFO DAGScheduler: Missing parents found for ResultStage 0: List()","logger":"airflow.task.hooks.airflow.providers.apache.spark.hooks.spark_submit.SparkSubmitHook","filename":"spark_submit.py","lineno":643}
{"timestamp":"2026-01-15T03:26:42.324763Z","level":"info","event":"26/01/15 03:26:42 INFO DAGScheduler: Submitting ResultStage 0 (MapPartitionsRDD[6] at showString at NativeMethodAccessorImpl.java:0), which has no missing parents","logger":"airflow.task.hooks.airflow.providers.apache.spark.hooks.spark_submit.SparkSubmitHook","filename":"spark_submit.py","lineno":643}
{"timestamp":"2026-01-15T03:26:42.359880Z","level":"info","event":"26/01/15 03:26:42 INFO MemoryStore: MemoryStore started with capacity 434.4 MiB","logger":"airflow.task.hooks.airflow.providers.apache.spark.hooks.spark_submit.SparkSubmitHook","filename":"spark_submit.py","lineno":643}
{"timestamp":"2026-01-15T03:26:42.384201Z","level":"info","event":"26/01/15 03:26:42 INFO MemoryStore: Block broadcast_0 stored as values in memory (estimated size 14.2 KiB, free 434.4 MiB)","logger":"airflow.task.hooks.airflow.providers.apache.spark.hooks.spark_submit.SparkSubmitHook","filename":"spark_submit.py","lineno":643}
{"timestamp":"2026-01-15T03:26:42.404461Z","level":"info","event":"26/01/15 03:26:42 INFO MemoryStore: Block broadcast_0_piece0 stored as bytes in memory (estimated size 7.3 KiB, free 434.4 MiB)","logger":"airflow.task.hooks.airflow.providers.apache.spark.hooks.spark_submit.SparkSubmitHook","filename":"spark_submit.py","lineno":643}
{"timestamp":"2026-01-15T03:26:42.412350Z","level":"info","event":"26/01/15 03:26:42 INFO SparkContext: Created broadcast 0 from broadcast at DAGScheduler.scala:1686","logger":"airflow.task.hooks.airflow.providers.apache.spark.hooks.spark_submit.SparkSubmitHook","filename":"spark_submit.py","lineno":643}
{"timestamp":"2026-01-15T03:26:42.438197Z","level":"info","event":"26/01/15 03:26:42 INFO DAGScheduler: Submitting 1 missing tasks from ResultStage 0 (MapPartitionsRDD[6] at showString at NativeMethodAccessorImpl.java:0) (first 15 tasks are for partitions Vector(0))","logger":"airflow.task.hooks.airflow.providers.apache.spark.hooks.spark_submit.SparkSubmitHook","filename":"spark_submit.py","lineno":643}
{"timestamp":"2026-01-15T03:26:42.439269Z","level":"info","event":"26/01/15 03:26:42 INFO TaskSchedulerImpl: Adding task set 0.0 with 1 tasks resource profile 0","logger":"airflow.task.hooks.airflow.providers.apache.spark.hooks.spark_submit.SparkSubmitHook","filename":"spark_submit.py","lineno":643}
{"timestamp":"2026-01-15T03:26:43.833881Z","level":"info","event":"26/01/15 03:26:43 INFO TaskSetManager: Starting task 0.0 in stage 0.0 (TID 0) (172.18.0.5,executor 1, partition 0, PROCESS_LOCAL, 10631 bytes)","logger":"airflow.task.hooks.airflow.providers.apache.spark.hooks.spark_submit.SparkSubmitHook","filename":"spark_submit.py","lineno":643}
{"timestamp":"2026-01-15T03:26:44.495703Z","level":"info","event":"26/01/15 03:26:44 INFO TaskSetManager: Finished task 0.0 in stage 0.0 (TID 0) in 667 ms on 172.18.0.5 (executor 1) (1/1)","logger":"airflow.task.hooks.airflow.providers.apache.spark.hooks.spark_submit.SparkSubmitHook","filename":"spark_submit.py","lineno":643}
{"timestamp":"2026-01-15T03:26:44.496260Z","level":"info","event":"26/01/15 03:26:44 INFO TaskSchedulerImpl: Removed TaskSet 0.0 whose tasks have all completed, from pool","logger":"airflow.task.hooks.airflow.providers.apache.spark.hooks.spark_submit.SparkSubmitHook","filename":"spark_submit.py","lineno":643}
{"timestamp":"2026-01-15T03:26:44.498747Z","level":"info","event":"26/01/15 03:26:44 INFO PythonAccumulatorV2: Connected to AccumulatorServer at host: 127.0.0.1 port: 44565","logger":"airflow.task.hooks.airflow.providers.apache.spark.hooks.spark_submit.SparkSubmitHook","filename":"spark_submit.py","lineno":643}
{"timestamp":"2026-01-15T03:26:44.500020Z","level":"info","event":"26/01/15 03:26:44 INFO DAGScheduler: ResultStage 0 (showString at NativeMethodAccessorImpl.java:0) finished in 2168 ms","logger":"airflow.task.hooks.airflow.providers.apache.spark.hooks.spark_submit.SparkSubmitHook","filename":"spark_submit.py","lineno":643}
{"timestamp":"2026-01-15T03:26:44.500823Z","level":"info","event":"26/01/15 03:26:44 INFO DAGScheduler: Job 0 is finished. Cancelling potential speculative or zombie tasks for this job","logger":"airflow.task.hooks.airflow.providers.apache.spark.hooks.spark_submit.SparkSubmitHook","filename":"spark_submit.py","lineno":643}
{"timestamp":"2026-01-15T03:26:44.500892Z","level":"info","event":"26/01/15 03:26:44 INFO TaskSchedulerImpl: Canceling stage 0","logger":"airflow.task.hooks.airflow.providers.apache.spark.hooks.spark_submit.SparkSubmitHook","filename":"spark_submit.py","lineno":643}
{"timestamp":"2026-01-15T03:26:44.501074Z","level":"info","event":"26/01/15 03:26:44 INFO TaskSchedulerImpl: Killing all running tasks in stage 0: Stage finished","logger":"airflow.task.hooks.airflow.providers.apache.spark.hooks.spark_submit.SparkSubmitHook","filename":"spark_submit.py","lineno":643}
{"timestamp":"2026-01-15T03:26:44.501853Z","level":"info","event":"26/01/15 03:26:44 INFO DAGScheduler: Job 0 finished: showString at NativeMethodAccessorImpl.java:0, took 2185.496793 ms","logger":"airflow.task.hooks.airflow.providers.apache.spark.hooks.spark_submit.SparkSubmitHook","filename":"spark_submit.py","lineno":643}
{"timestamp":"2026-01-15T03:26:44.505331Z","level":"info","event":"26/01/15 03:26:44 INFO SparkContext: Starting job: showString at NativeMethodAccessorImpl.java:0","logger":"airflow.task.hooks.airflow.providers.apache.spark.hooks.spark_submit.SparkSubmitHook","filename":"spark_submit.py","lineno":643}
{"timestamp":"2026-01-15T03:26:44.505712Z","level":"info","event":"26/01/15 03:26:44 INFO DAGScheduler: Got job 1 (showString at NativeMethodAccessorImpl.java:0) with 3 output partitions","logger":"airflow.task.hooks.airflow.providers.apache.spark.hooks.spark_submit.SparkSubmitHook","filename":"spark_submit.py","lineno":643}
{"timestamp":"2026-01-15T03:26:44.505799Z","level":"info","event":"26/01/15 03:26:44 INFO DAGScheduler: Final stage: ResultStage 1 (showString at NativeMethodAccessorImpl.java:0)","logger":"airflow.task.hooks.airflow.providers.apache.spark.hooks.spark_submit.SparkSubmitHook","filename":"spark_submit.py","lineno":643}
{"timestamp":"2026-01-15T03:26:44.505833Z","level":"info","event":"26/01/15 03:26:44 INFO DAGScheduler: Parents of final stage: List()","logger":"airflow.task.hooks.airflow.providers.apache.spark.hooks.spark_submit.SparkSubmitHook","filename":"spark_submit.py","lineno":643}
{"timestamp":"2026-01-15T03:26:44.505951Z","level":"info","event":"26/01/15 03:26:44 INFO DAGScheduler: Missing parents: List()","logger":"airflow.task.hooks.airflow.providers.apache.spark.hooks.spark_submit.SparkSubmitHook","filename":"spark_submit.py","lineno":643}
{"timestamp":"2026-01-15T03:26:44.506134Z","level":"info","event":"26/01/15 03:26:44 INFO DAGScheduler: Missing parents found for ResultStage 1: List()","logger":"airflow.task.hooks.airflow.providers.apache.spark.hooks.spark_submit.SparkSubmitHook","filename":"spark_submit.py","lineno":643}
{"timestamp":"2026-01-15T03:26:44.506275Z","level":"info","event":"26/01/15 03:26:44 INFO DAGScheduler: Submitting ResultStage 1 (MapPartitionsRDD[6] at showString at NativeMethodAccessorImpl.java:0), which has no missing parents","logger":"airflow.task.hooks.airflow.providers.apache.spark.hooks.spark_submit.SparkSubmitHook","filename":"spark_submit.py","lineno":643}
{"timestamp":"2026-01-15T03:26:44.507577Z","level":"info","event":"26/01/15 03:26:44 INFO MemoryStore: Block broadcast_1 stored as values in memory (estimated size 14.2 KiB, free 434.4 MiB)","logger":"airflow.task.hooks.airflow.providers.apache.spark.hooks.spark_submit.SparkSubmitHook","filename":"spark_submit.py","lineno":643}
{"timestamp":"2026-01-15T03:26:44.510564Z","level":"info","event":"26/01/15 03:26:44 INFO MemoryStore: Block broadcast_1_piece0 stored as bytes in memory (estimated size 7.3 KiB, free 434.4 MiB)","logger":"airflow.task.hooks.airflow.providers.apache.spark.hooks.spark_submit.SparkSubmitHook","filename":"spark_submit.py","lineno":643}
{"timestamp":"2026-01-15T03:26:44.511359Z","level":"info","event":"26/01/15 03:26:44 INFO SparkContext: Created broadcast 1 from broadcast at DAGScheduler.scala:1686","logger":"airflow.task.hooks.airflow.providers.apache.spark.hooks.spark_submit.SparkSubmitHook","filename":"spark_submit.py","lineno":643}
{"timestamp":"2026-01-15T03:26:44.511852Z","level":"info","event":"26/01/15 03:26:44 INFO DAGScheduler: Submitting 3 missing tasks from ResultStage 1 (MapPartitionsRDD[6] at showString at NativeMethodAccessorImpl.java:0) (first 15 tasks are for partitions Vector(1, 2, 3))","logger":"airflow.task.hooks.airflow.providers.apache.spark.hooks.spark_submit.SparkSubmitHook","filename":"spark_submit.py","lineno":643}
{"timestamp":"2026-01-15T03:26:44.511933Z","level":"info","event":"26/01/15 03:26:44 INFO TaskSchedulerImpl: Adding task set 1.0 with 3 tasks resource profile 0","logger":"airflow.task.hooks.airflow.providers.apache.spark.hooks.spark_submit.SparkSubmitHook","filename":"spark_submit.py","lineno":643}
{"timestamp":"2026-01-15T03:26:44.513073Z","level":"info","event":"26/01/15 03:26:44 INFO TaskSetManager: Starting task 0.0 in stage 1.0 (TID 1) (172.18.0.5,executor 1, partition 1, PROCESS_LOCAL, 10676 bytes)","logger":"airflow.task.hooks.airflow.providers.apache.spark.hooks.spark_submit.SparkSubmitHook","filename":"spark_submit.py","lineno":643}
{"timestamp":"2026-01-15T03:26:44.513553Z","level":"info","event":"26/01/15 03:26:44 INFO TaskSetManager: Starting task 1.0 in stage 1.0 (TID 2) (172.18.0.6,executor 0, partition 2, PROCESS_LOCAL, 10678 bytes)","logger":"airflow.task.hooks.airflow.providers.apache.spark.hooks.spark_submit.SparkSubmitHook","filename":"spark_submit.py","lineno":643}
{"timestamp":"2026-01-15T03:26:44.514126Z","level":"info","event":"26/01/15 03:26:44 INFO TaskSetManager: Starting task 2.0 in stage 1.0 (TID 3) (172.18.0.5,executor 1, partition 3, PROCESS_LOCAL, 10681 bytes)","logger":"airflow.task.hooks.airflow.providers.apache.spark.hooks.spark_submit.SparkSubmitHook","filename":"spark_submit.py","lineno":643}
{"timestamp":"2026-01-15T03:26:44.603552Z","level":"info","event":"26/01/15 03:26:44 INFO TaskSetManager: Finished task 0.0 in stage 1.0 (TID 1) in 91 ms on 172.18.0.5 (executor 1) (1/3)","logger":"airflow.task.hooks.airflow.providers.apache.spark.hooks.spark_submit.SparkSubmitHook","filename":"spark_submit.py","lineno":643}
{"timestamp":"2026-01-15T03:26:44.609762Z","level":"info","event":"26/01/15 03:26:44 INFO TaskSetManager: Finished task 2.0 in stage 1.0 (TID 3) in 96 ms on 172.18.0.5 (executor 1) (2/3)","logger":"airflow.task.hooks.airflow.providers.apache.spark.hooks.spark_submit.SparkSubmitHook","filename":"spark_submit.py","lineno":643}
{"timestamp":"2026-01-15T03:26:45.135154Z","level":"info","event":"26/01/15 03:26:45 INFO TaskSetManager: Finished task 1.0 in stage 1.0 (TID 2) in 621 ms on 172.18.0.6 (executor 0) (3/3)","logger":"airflow.task.hooks.airflow.providers.apache.spark.hooks.spark_submit.SparkSubmitHook","filename":"spark_submit.py","lineno":643}
{"timestamp":"2026-01-15T03:26:45.135270Z","level":"info","event":"26/01/15 03:26:45 INFO TaskSchedulerImpl: Removed TaskSet 1.0 whose tasks have all completed, from pool","logger":"airflow.task.hooks.airflow.providers.apache.spark.hooks.spark_submit.SparkSubmitHook","filename":"spark_submit.py","lineno":643}
{"timestamp":"2026-01-15T03:26:45.135792Z","level":"info","event":"26/01/15 03:26:45 INFO DAGScheduler: ResultStage 1 (showString at NativeMethodAccessorImpl.java:0) finished in 629 ms","logger":"airflow.task.hooks.airflow.providers.apache.spark.hooks.spark_submit.SparkSubmitHook","filename":"spark_submit.py","lineno":643}
{"timestamp":"2026-01-15T03:26:45.135911Z","level":"info","event":"26/01/15 03:26:45 INFO DAGScheduler: Job 1 is finished. Cancelling potential speculative or zombie tasks for this job","logger":"airflow.task.hooks.airflow.providers.apache.spark.hooks.spark_submit.SparkSubmitHook","filename":"spark_submit.py","lineno":643}
{"timestamp":"2026-01-15T03:26:45.135995Z","level":"info","event":"26/01/15 03:26:45 INFO TaskSchedulerImpl: Canceling stage 1","logger":"airflow.task.hooks.airflow.providers.apache.spark.hooks.spark_submit.SparkSubmitHook","filename":"spark_submit.py","lineno":643}
{"timestamp":"2026-01-15T03:26:45.136034Z","level":"info","event":"26/01/15 03:26:45 INFO TaskSchedulerImpl: Killing all running tasks in stage 1: Stage finished","logger":"airflow.task.hooks.airflow.providers.apache.spark.hooks.spark_submit.SparkSubmitHook","filename":"spark_submit.py","lineno":643}
{"timestamp":"2026-01-15T03:26:45.136301Z","level":"info","event":"26/01/15 03:26:45 INFO DAGScheduler: Job 1 finished: showString at NativeMethodAccessorImpl.java:0, took 630.754958 ms","logger":"airflow.task.hooks.airflow.providers.apache.spark.hooks.spark_submit.SparkSubmitHook","filename":"spark_submit.py","lineno":643}
{"timestamp":"2026-01-15T03:26:45.149671Z","level":"info","event":"26/01/15 03:26:45 INFO CodeGenerator: Code generated in 6.21175 ms","logger":"airflow.task.hooks.airflow.providers.apache.spark.hooks.spark_submit.SparkSubmitHook","filename":"spark_submit.py","lineno":643}
{"timestamp":"2026-01-15T03:26:45.154368Z","level":"info","event":"+-----+----------+---+","logger":"airflow.task.hooks.airflow.providers.apache.spark.hooks.spark_submit.SparkSubmitHook","filename":"spark_submit.py","lineno":643}
{"timestamp":"2026-01-15T03:26:45.154437Z","level":"info","event":"| col1|      col2| id|","logger":"airflow.task.hooks.airflow.providers.apache.spark.hooks.spark_submit.SparkSubmitHook","filename":"spark_submit.py","lineno":643}
{"timestamp":"2026-01-15T03:26:45.154455Z","level":"info","event":"+-----+----------+---+","logger":"airflow.task.hooks.airflow.providers.apache.spark.hooks.spark_submit.SparkSubmitHook","filename":"spark_submit.py","lineno":643}
{"timestamp":"2026-01-15T03:26:45.154468Z","level":"info","event":"|Hello|     World|  1|","logger":"airflow.task.hooks.airflow.providers.apache.spark.hooks.spark_submit.SparkSubmitHook","filename":"spark_submit.py","lineno":643}
{"timestamp":"2026-01-15T03:26:45.154480Z","level":"info","event":"|MinIO|   Storage|  2|","logger":"airflow.task.hooks.airflow.providers.apache.spark.hooks.spark_submit.SparkSubmitHook","filename":"spark_submit.py","lineno":643}
{"timestamp":"2026-01-15T03:26:45.154492Z","level":"info","event":"|Spark|Processing|  3|","logger":"airflow.task.hooks.airflow.providers.apache.spark.hooks.spark_submit.SparkSubmitHook","filename":"spark_submit.py","lineno":643}
{"timestamp":"2026-01-15T03:26:45.154503Z","level":"info","event":"+-----+----------+---+","logger":"airflow.task.hooks.airflow.providers.apache.spark.hooks.spark_submit.SparkSubmitHook","filename":"spark_submit.py","lineno":643}
{"timestamp":"2026-01-15T03:26:45.154514Z","level":"info","event":"","logger":"airflow.task.hooks.airflow.providers.apache.spark.hooks.spark_submit.SparkSubmitHook","filename":"spark_submit.py","lineno":643}
{"timestamp":"2026-01-15T03:26:45.154525Z","level":"info","event":"--- Writing to: s3a://datalake/hello_world_parquet ---","logger":"airflow.task.hooks.airflow.providers.apache.spark.hooks.spark_submit.SparkSubmitHook","filename":"spark_submit.py","lineno":643}
{"timestamp":"2026-01-15T03:26:45.243644Z","level":"info","event":"26/01/15 03:26:45 WARN FileSystem: Failed to initialize filesystem s3a://datalake/hello_world_parquet: java.io.IOException: From option fs.s3a.aws.credentials.provider java.lang.ClassNotFoundException: Class software.amazon.awssdk.auth.credentials.EnvironmentVariableCredentialsProvider not found","logger":"airflow.task.hooks.airflow.providers.apache.spark.hooks.spark_submit.SparkSubmitHook","filename":"spark_submit.py","lineno":643}
{"timestamp":"2026-01-15T03:26:45.259429Z","level":"info","event":"===SPARK_JOB_FAILED===","logger":"airflow.task.hooks.airflow.providers.apache.spark.hooks.spark_submit.SparkSubmitHook","filename":"spark_submit.py","lineno":643}
{"timestamp":"2026-01-15T03:26:45.259551Z","level":"info","event":"Error: An error occurred while calling o1150.parquet.","logger":"airflow.task.hooks.airflow.providers.apache.spark.hooks.spark_submit.SparkSubmitHook","filename":"spark_submit.py","lineno":643}
{"timestamp":"2026-01-15T03:26:45.259585Z","level":"info","event":": java.io.IOException: From option fs.s3a.aws.credentials.provider java.lang.ClassNotFoundException: Class software.amazon.awssdk.auth.credentials.EnvironmentVariableCredentialsProvider not found","logger":"airflow.task.hooks.airflow.providers.apache.spark.hooks.spark_submit.SparkSubmitHook","filename":"spark_submit.py","lineno":643}
{"timestamp":"2026-01-15T03:26:45.259602Z","level":"info","event":"at org.apache.hadoop.fs.s3a.S3AUtils.loadAWSProviderClasses(S3AUtils.java:611)","logger":"airflow.task.hooks.airflow.providers.apache.spark.hooks.spark_submit.SparkSubmitHook","filename":"spark_submit.py","lineno":643}
{"timestamp":"2026-01-15T03:26:45.259616Z","level":"info","event":"at org.apache.hadoop.fs.s3a.S3AUtils.buildAWSProviderList(S3AUtils.java:634)","logger":"airflow.task.hooks.airflow.providers.apache.spark.hooks.spark_submit.SparkSubmitHook","filename":"spark_submit.py","lineno":643}
{"timestamp":"2026-01-15T03:26:45.259635Z","level":"info","event":"at org.apache.hadoop.fs.s3a.S3AUtils.createAWSCredentialProviderSet(S3AUtils.java:585)","logger":"airflow.task.hooks.airflow.providers.apache.spark.hooks.spark_submit.SparkSubmitHook","filename":"spark_submit.py","lineno":643}
{"timestamp":"2026-01-15T03:26:45.259647Z","level":"info","event":"at org.apache.hadoop.fs.s3a.S3AFileSystem.bindAWSClient(S3AFileSystem.java:959)","logger":"airflow.task.hooks.airflow.providers.apache.spark.hooks.spark_submit.SparkSubmitHook","filename":"spark_submit.py","lineno":643}
{"timestamp":"2026-01-15T03:26:45.259658Z","level":"info","event":"at org.apache.hadoop.fs.s3a.S3AFileSystem.initialize(S3AFileSystem.java:586)","logger":"airflow.task.hooks.airflow.providers.apache.spark.hooks.spark_submit.SparkSubmitHook","filename":"spark_submit.py","lineno":643}
{"timestamp":"2026-01-15T03:26:45.259668Z","level":"info","event":"at org.apache.hadoop.fs.FileSystem.createFileSystem(FileSystem.java:3615)","logger":"airflow.task.hooks.airflow.providers.apache.spark.hooks.spark_submit.SparkSubmitHook","filename":"spark_submit.py","lineno":643}
{"timestamp":"2026-01-15T03:26:45.259679Z","level":"info","event":"at org.apache.hadoop.fs.FileSystem.access$300(FileSystem.java:172)","logger":"airflow.task.hooks.airflow.providers.apache.spark.hooks.spark_submit.SparkSubmitHook","filename":"spark_submit.py","lineno":643}
{"timestamp":"2026-01-15T03:26:45.259690Z","level":"info","event":"at org.apache.hadoop.fs.FileSystem$Cache.getInternal(FileSystem.java:3716)","logger":"airflow.task.hooks.airflow.providers.apache.spark.hooks.spark_submit.SparkSubmitHook","filename":"spark_submit.py","lineno":643}
{"timestamp":"2026-01-15T03:26:45.259701Z","level":"info","event":"at org.apache.hadoop.fs.FileSystem$Cache.get(FileSystem.java:3667)","logger":"airflow.task.hooks.airflow.providers.apache.spark.hooks.spark_submit.SparkSubmitHook","filename":"spark_submit.py","lineno":643}
{"timestamp":"2026-01-15T03:26:45.259712Z","level":"info","event":"at org.apache.hadoop.fs.FileSystem.get(FileSystem.java:557)","logger":"airflow.task.hooks.airflow.providers.apache.spark.hooks.spark_submit.SparkSubmitHook","filename":"spark_submit.py","lineno":643}
{"timestamp":"2026-01-15T03:26:45.259722Z","level":"info","event":"at org.apache.hadoop.fs.Path.getFileSystem(Path.java:366)","logger":"airflow.task.hooks.airflow.providers.apache.spark.hooks.spark_submit.SparkSubmitHook","filename":"spark_submit.py","lineno":643}
{"timestamp":"2026-01-15T03:26:45.259742Z","level":"info","event":"at org.apache.spark.sql.execution.datasources.DataSource.makeQualified(DataSource.scala:128)","logger":"airflow.task.hooks.airflow.providers.apache.spark.hooks.spark_submit.SparkSubmitHook","filename":"spark_submit.py","lineno":643}
{"timestamp":"2026-01-15T03:26:45.259754Z","level":"info","event":"at org.apache.spark.sql.execution.datasources.DataSource.planForWritingFileFormat(DataSource.scala:471)","logger":"airflow.task.hooks.airflow.providers.apache.spark.hooks.spark_submit.SparkSubmitHook","filename":"spark_submit.py","lineno":643}
{"timestamp":"2026-01-15T03:26:45.259765Z","level":"info","event":"at org.apache.spark.sql.execution.datasources.DataSource.planForWriting(DataSource.scala:559)","logger":"airflow.task.hooks.airflow.providers.apache.spark.hooks.spark_submit.SparkSubmitHook","filename":"spark_submit.py","lineno":643}
{"timestamp":"2026-01-15T03:26:45.259776Z","level":"info","event":"at org.apache.spark.sql.classic.DataFrameWriter.saveToV1SourceCommand(DataFrameWriter.scala:273)","logger":"airflow.task.hooks.airflow.providers.apache.spark.hooks.spark_submit.SparkSubmitHook","filename":"spark_submit.py","lineno":643}
{"timestamp":"2026-01-15T03:26:45.259786Z","level":"info","event":"at org.apache.spark.sql.classic.DataFrameWriter.saveCommand(DataFrameWriter.scala:242)","logger":"airflow.task.hooks.airflow.providers.apache.spark.hooks.spark_submit.SparkSubmitHook","filename":"spark_submit.py","lineno":643}
{"timestamp":"2026-01-15T03:26:45.259797Z","level":"info","event":"at org.apache.spark.sql.classic.DataFrameWriter.save(DataFrameWriter.scala:115)","logger":"airflow.task.hooks.airflow.providers.apache.spark.hooks.spark_submit.SparkSubmitHook","filename":"spark_submit.py","lineno":643}
{"timestamp":"2026-01-15T03:26:45.259807Z","level":"info","event":"at org.apache.spark.sql.DataFrameWriter.parquet(DataFrameWriter.scala:369)","logger":"airflow.task.hooks.airflow.providers.apache.spark.hooks.spark_submit.SparkSubmitHook","filename":"spark_submit.py","lineno":643}
{"timestamp":"2026-01-15T03:26:45.259818Z","level":"info","event":"at java.base/jdk.internal.reflect.NativeMethodAccessorImpl.invoke0(Native Method)","logger":"airflow.task.hooks.airflow.providers.apache.spark.hooks.spark_submit.SparkSubmitHook","filename":"spark_submit.py","lineno":643}
{"timestamp":"2026-01-15T03:26:45.259828Z","level":"info","event":"at java.base/jdk.internal.reflect.NativeMethodAccessorImpl.invoke(NativeMethodAccessorImpl.java:77)","logger":"airflow.task.hooks.airflow.providers.apache.spark.hooks.spark_submit.SparkSubmitHook","filename":"spark_submit.py","lineno":643}
{"timestamp":"2026-01-15T03:26:45.259839Z","level":"info","event":"at java.base/jdk.internal.reflect.DelegatingMethodAccessorImpl.invoke(DelegatingMethodAccessorImpl.java:43)","logger":"airflow.task.hooks.airflow.providers.apache.spark.hooks.spark_submit.SparkSubmitHook","filename":"spark_submit.py","lineno":643}
{"timestamp":"2026-01-15T03:26:45.259849Z","level":"info","event":"at java.base/java.lang.reflect.Method.invoke(Method.java:569)","logger":"airflow.task.hooks.airflow.providers.apache.spark.hooks.spark_submit.SparkSubmitHook","filename":"spark_submit.py","lineno":643}
{"timestamp":"2026-01-15T03:26:45.259859Z","level":"info","event":"at py4j.reflection.MethodInvoker.invoke(MethodInvoker.java:244)","logger":"airflow.task.hooks.airflow.providers.apache.spark.hooks.spark_submit.SparkSubmitHook","filename":"spark_submit.py","lineno":643}
{"timestamp":"2026-01-15T03:26:45.259870Z","level":"info","event":"at py4j.reflection.ReflectionEngine.invoke(ReflectionEngine.java:374)","logger":"airflow.task.hooks.airflow.providers.apache.spark.hooks.spark_submit.SparkSubmitHook","filename":"spark_submit.py","lineno":643}
{"timestamp":"2026-01-15T03:26:45.259880Z","level":"info","event":"at py4j.Gateway.invoke(Gateway.java:282)","logger":"airflow.task.hooks.airflow.providers.apache.spark.hooks.spark_submit.SparkSubmitHook","filename":"spark_submit.py","lineno":643}
{"timestamp":"2026-01-15T03:26:45.259891Z","level":"info","event":"at py4j.commands.AbstractCommand.invokeMethod(AbstractCommand.java:132)","logger":"airflow.task.hooks.airflow.providers.apache.spark.hooks.spark_submit.SparkSubmitHook","filename":"spark_submit.py","lineno":643}
{"timestamp":"2026-01-15T03:26:45.259903Z","level":"info","event":"at py4j.commands.CallCommand.execute(CallCommand.java:79)","logger":"airflow.task.hooks.airflow.providers.apache.spark.hooks.spark_submit.SparkSubmitHook","filename":"spark_submit.py","lineno":643}
{"timestamp":"2026-01-15T03:26:45.259921Z","level":"info","event":"at py4j.ClientServerConnection.waitForCommands(ClientServerConnection.java:184)","logger":"airflow.task.hooks.airflow.providers.apache.spark.hooks.spark_submit.SparkSubmitHook","filename":"spark_submit.py","lineno":643}
{"timestamp":"2026-01-15T03:26:45.259931Z","level":"info","event":"at py4j.ClientServerConnection.run(ClientServerConnection.java:108)","logger":"airflow.task.hooks.airflow.providers.apache.spark.hooks.spark_submit.SparkSubmitHook","filename":"spark_submit.py","lineno":643}
{"timestamp":"2026-01-15T03:26:45.259942Z","level":"info","event":"at java.base/java.lang.Thread.run(Thread.java:840)","logger":"airflow.task.hooks.airflow.providers.apache.spark.hooks.spark_submit.SparkSubmitHook","filename":"spark_submit.py","lineno":643}
{"timestamp":"2026-01-15T03:26:45.259953Z","level":"info","event":"Caused by: java.lang.ClassNotFoundException: Class software.amazon.awssdk.auth.credentials.EnvironmentVariableCredentialsProvider not found","logger":"airflow.task.hooks.airflow.providers.apache.spark.hooks.spark_submit.SparkSubmitHook","filename":"spark_submit.py","lineno":643}
{"timestamp":"2026-01-15T03:26:45.259963Z","level":"info","event":"at org.apache.hadoop.conf.Configuration.getClassByName(Configuration.java:2641)","logger":"airflow.task.hooks.airflow.providers.apache.spark.hooks.spark_submit.SparkSubmitHook","filename":"spark_submit.py","lineno":643}
{"timestamp":"2026-01-15T03:26:45.259974Z","level":"info","event":"at org.apache.hadoop.conf.Configuration.getClasses(Configuration.java:2712)","logger":"airflow.task.hooks.airflow.providers.apache.spark.hooks.spark_submit.SparkSubmitHook","filename":"spark_submit.py","lineno":643}
{"timestamp":"2026-01-15T03:26:45.259984Z","level":"info","event":"at org.apache.hadoop.fs.s3a.S3AUtils.loadAWSProviderClasses(S3AUtils.java:608)","logger":"airflow.task.hooks.airflow.providers.apache.spark.hooks.spark_submit.SparkSubmitHook","filename":"spark_submit.py","lineno":643}
{"timestamp":"2026-01-15T03:26:45.259994Z","level":"info","event":"... 29 more","logger":"airflow.task.hooks.airflow.providers.apache.spark.hooks.spark_submit.SparkSubmitHook","filename":"spark_submit.py","lineno":643}
{"timestamp":"2026-01-15T03:26:45.260004Z","level":"info","event":"","logger":"airflow.task.hooks.airflow.providers.apache.spark.hooks.spark_submit.SparkSubmitHook","filename":"spark_submit.py","lineno":643}
{"timestamp":"2026-01-15T03:26:45.260080Z","level":"info","event":"26/01/15 03:26:45 INFO SparkContext: SparkContext is stopping with exitCode 0 from stop at NativeMethodAccessorImpl.java:0.","logger":"airflow.task.hooks.airflow.providers.apache.spark.hooks.spark_submit.SparkSubmitHook","filename":"spark_submit.py","lineno":643}
{"timestamp":"2026-01-15T03:26:45.270563Z","level":"info","event":"26/01/15 03:26:45 INFO SparkUI: Stopped Spark web UI at http://f762a9d4202b:4040","logger":"airflow.task.hooks.airflow.providers.apache.spark.hooks.spark_submit.SparkSubmitHook","filename":"spark_submit.py","lineno":643}
{"timestamp":"2026-01-15T03:26:45.271587Z","level":"info","event":"26/01/15 03:26:45 INFO StandaloneSchedulerBackend: Shutting down all executors","logger":"airflow.task.hooks.airflow.providers.apache.spark.hooks.spark_submit.SparkSubmitHook","filename":"spark_submit.py","lineno":643}
{"timestamp":"2026-01-15T03:26:45.271750Z","level":"info","event":"26/01/15 03:26:45 INFO StandaloneSchedulerBackend$StandaloneDriverEndpoint: Asking each executor to shut down","logger":"airflow.task.hooks.airflow.providers.apache.spark.hooks.spark_submit.SparkSubmitHook","filename":"spark_submit.py","lineno":643}
{"timestamp":"2026-01-15T03:26:45.286335Z","level":"info","event":"26/01/15 03:26:45 INFO MapOutputTrackerMasterEndpoint: MapOutputTrackerMasterEndpoint stopped!","logger":"airflow.task.hooks.airflow.providers.apache.spark.hooks.spark_submit.SparkSubmitHook","filename":"spark_submit.py","lineno":643}
{"timestamp":"2026-01-15T03:26:45.299487Z","level":"info","event":"26/01/15 03:26:45 INFO MemoryStore: MemoryStore cleared","logger":"airflow.task.hooks.airflow.providers.apache.spark.hooks.spark_submit.SparkSubmitHook","filename":"spark_submit.py","lineno":643}
{"timestamp":"2026-01-15T03:26:45.299571Z","level":"info","event":"26/01/15 03:26:45 INFO BlockManager: BlockManager stopped","logger":"airflow.task.hooks.airflow.providers.apache.spark.hooks.spark_submit.SparkSubmitHook","filename":"spark_submit.py","lineno":643}
{"timestamp":"2026-01-15T03:26:45.301525Z","level":"info","event":"26/01/15 03:26:45 INFO BlockManagerMaster: BlockManagerMaster stopped","logger":"airflow.task.hooks.airflow.providers.apache.spark.hooks.spark_submit.SparkSubmitHook","filename":"spark_submit.py","lineno":643}
{"timestamp":"2026-01-15T03:26:45.301889Z","level":"info","event":"26/01/15 03:26:45 INFO OutputCommitCoordinator$OutputCommitCoordinatorEndpoint: OutputCommitCoordinator stopped!","logger":"airflow.task.hooks.airflow.providers.apache.spark.hooks.spark_submit.SparkSubmitHook","filename":"spark_submit.py","lineno":643}
{"timestamp":"2026-01-15T03:26:45.328290Z","level":"info","event":"26/01/15 03:26:45 INFO SparkContext: Successfully stopped SparkContext (Uptime: 6286 ms)","logger":"airflow.task.hooks.airflow.providers.apache.spark.hooks.spark_submit.SparkSubmitHook","filename":"spark_submit.py","lineno":643}
{"timestamp":"2026-01-15T03:26:46.137694Z","level":"info","event":"Traceback (most recent call last):","logger":"airflow.task.hooks.airflow.providers.apache.spark.hooks.spark_submit.SparkSubmitHook","filename":"spark_submit.py","lineno":643}
{"timestamp":"2026-01-15T03:26:46.137800Z","level":"info","event":"File \"/opt/spark/jobs/minio.py\", line 69, in <module>","logger":"airflow.task.hooks.airflow.providers.apache.spark.hooks.spark_submit.SparkSubmitHook","filename":"spark_submit.py","lineno":643}
{"timestamp":"2026-01-15T03:26:46.138137Z","level":"info","event":"df.write.mode(\"overwrite\").parquet(output_path)","logger":"airflow.task.hooks.airflow.providers.apache.spark.hooks.spark_submit.SparkSubmitHook","filename":"spark_submit.py","lineno":643}
{"timestamp":"2026-01-15T03:26:46.138183Z","level":"info","event":"File \"/opt/spark-4.1.1-bin-hadoop3/python/lib/pyspark.zip/pyspark/sql/readwriter.py\", line 2003, in parquet","logger":"airflow.task.hooks.airflow.providers.apache.spark.hooks.spark_submit.SparkSubmitHook","filename":"spark_submit.py","lineno":643}
{"timestamp":"2026-01-15T03:26:46.138415Z","level":"info","event":"File \"/opt/spark-4.1.1-bin-hadoop3/python/lib/py4j-0.10.9.9-src.zip/py4j/java_gateway.py\", line 1362, in __call__","logger":"airflow.task.hooks.airflow.providers.apache.spark.hooks.spark_submit.SparkSubmitHook","filename":"spark_submit.py","lineno":643}
{"timestamp":"2026-01-15T03:26:46.138594Z","level":"info","event":"File \"/opt/spark-4.1.1-bin-hadoop3/python/lib/pyspark.zip/pyspark/errors/exceptions/captured.py\", line 263, in deco","logger":"airflow.task.hooks.airflow.providers.apache.spark.hooks.spark_submit.SparkSubmitHook","filename":"spark_submit.py","lineno":643}
{"timestamp":"2026-01-15T03:26:46.138772Z","level":"info","event":"File \"/opt/spark-4.1.1-bin-hadoop3/python/lib/py4j-0.10.9.9-src.zip/py4j/protocol.py\", line 327, in get_return_value","logger":"airflow.task.hooks.airflow.providers.apache.spark.hooks.spark_submit.SparkSubmitHook","filename":"spark_submit.py","lineno":643}
{"timestamp":"2026-01-15T03:26:46.139142Z","level":"info","event":"py4j.protocol.Py4JJavaError: An error occurred while calling o1150.parquet.","logger":"airflow.task.hooks.airflow.providers.apache.spark.hooks.spark_submit.SparkSubmitHook","filename":"spark_submit.py","lineno":643}
{"timestamp":"2026-01-15T03:26:46.139173Z","level":"info","event":": java.io.IOException: From option fs.s3a.aws.credentials.provider java.lang.ClassNotFoundException: Class software.amazon.awssdk.auth.credentials.EnvironmentVariableCredentialsProvider not found","logger":"airflow.task.hooks.airflow.providers.apache.spark.hooks.spark_submit.SparkSubmitHook","filename":"spark_submit.py","lineno":643}
{"timestamp":"2026-01-15T03:26:46.139199Z","level":"info","event":"at org.apache.hadoop.fs.s3a.S3AUtils.loadAWSProviderClasses(S3AUtils.java:611)","logger":"airflow.task.hooks.airflow.providers.apache.spark.hooks.spark_submit.SparkSubmitHook","filename":"spark_submit.py","lineno":643}
{"timestamp":"2026-01-15T03:26:46.139219Z","level":"info","event":"at org.apache.hadoop.fs.s3a.S3AUtils.buildAWSProviderList(S3AUtils.java:634)","logger":"airflow.task.hooks.airflow.providers.apache.spark.hooks.spark_submit.SparkSubmitHook","filename":"spark_submit.py","lineno":643}
{"timestamp":"2026-01-15T03:26:46.139234Z","level":"info","event":"at org.apache.hadoop.fs.s3a.S3AUtils.createAWSCredentialProviderSet(S3AUtils.java:585)","logger":"airflow.task.hooks.airflow.providers.apache.spark.hooks.spark_submit.SparkSubmitHook","filename":"spark_submit.py","lineno":643}
{"timestamp":"2026-01-15T03:26:46.139245Z","level":"info","event":"at org.apache.hadoop.fs.s3a.S3AFileSystem.bindAWSClient(S3AFileSystem.java:959)","logger":"airflow.task.hooks.airflow.providers.apache.spark.hooks.spark_submit.SparkSubmitHook","filename":"spark_submit.py","lineno":643}
{"timestamp":"2026-01-15T03:26:46.139256Z","level":"info","event":"at org.apache.hadoop.fs.s3a.S3AFileSystem.initialize(S3AFileSystem.java:586)","logger":"airflow.task.hooks.airflow.providers.apache.spark.hooks.spark_submit.SparkSubmitHook","filename":"spark_submit.py","lineno":643}
{"timestamp":"2026-01-15T03:26:46.139266Z","level":"info","event":"at org.apache.hadoop.fs.FileSystem.createFileSystem(FileSystem.java:3615)","logger":"airflow.task.hooks.airflow.providers.apache.spark.hooks.spark_submit.SparkSubmitHook","filename":"spark_submit.py","lineno":643}
{"timestamp":"2026-01-15T03:26:46.139287Z","level":"info","event":"at org.apache.hadoop.fs.FileSystem.access$300(FileSystem.java:172)","logger":"airflow.task.hooks.airflow.providers.apache.spark.hooks.spark_submit.SparkSubmitHook","filename":"spark_submit.py","lineno":643}
{"timestamp":"2026-01-15T03:26:46.139309Z","level":"info","event":"at org.apache.hadoop.fs.FileSystem$Cache.getInternal(FileSystem.java:3716)","logger":"airflow.task.hooks.airflow.providers.apache.spark.hooks.spark_submit.SparkSubmitHook","filename":"spark_submit.py","lineno":643}
{"timestamp":"2026-01-15T03:26:46.139335Z","level":"info","event":"at org.apache.hadoop.fs.FileSystem$Cache.get(FileSystem.java:3667)","logger":"airflow.task.hooks.airflow.providers.apache.spark.hooks.spark_submit.SparkSubmitHook","filename":"spark_submit.py","lineno":643}
{"timestamp":"2026-01-15T03:26:46.139357Z","level":"info","event":"at org.apache.hadoop.fs.FileSystem.get(FileSystem.java:557)","logger":"airflow.task.hooks.airflow.providers.apache.spark.hooks.spark_submit.SparkSubmitHook","filename":"spark_submit.py","lineno":643}
{"timestamp":"2026-01-15T03:26:46.139371Z","level":"info","event":"at org.apache.hadoop.fs.Path.getFileSystem(Path.java:366)","logger":"airflow.task.hooks.airflow.providers.apache.spark.hooks.spark_submit.SparkSubmitHook","filename":"spark_submit.py","lineno":643}
{"timestamp":"2026-01-15T03:26:46.139390Z","level":"info","event":"at org.apache.spark.sql.execution.datasources.DataSource.makeQualified(DataSource.scala:128)","logger":"airflow.task.hooks.airflow.providers.apache.spark.hooks.spark_submit.SparkSubmitHook","filename":"spark_submit.py","lineno":643}
{"timestamp":"2026-01-15T03:26:46.139412Z","level":"info","event":"at org.apache.spark.sql.execution.datasources.DataSource.planForWritingFileFormat(DataSource.scala:471)","logger":"airflow.task.hooks.airflow.providers.apache.spark.hooks.spark_submit.SparkSubmitHook","filename":"spark_submit.py","lineno":643}
{"timestamp":"2026-01-15T03:26:46.139433Z","level":"info","event":"at org.apache.spark.sql.execution.datasources.DataSource.planForWriting(DataSource.scala:559)","logger":"airflow.task.hooks.airflow.providers.apache.spark.hooks.spark_submit.SparkSubmitHook","filename":"spark_submit.py","lineno":643}
{"timestamp":"2026-01-15T03:26:46.139458Z","level":"info","event":"at org.apache.spark.sql.classic.DataFrameWriter.saveToV1SourceCommand(DataFrameWriter.scala:273)","logger":"airflow.task.hooks.airflow.providers.apache.spark.hooks.spark_submit.SparkSubmitHook","filename":"spark_submit.py","lineno":643}
{"timestamp":"2026-01-15T03:26:46.139483Z","level":"info","event":"at org.apache.spark.sql.classic.DataFrameWriter.saveCommand(DataFrameWriter.scala:242)","logger":"airflow.task.hooks.airflow.providers.apache.spark.hooks.spark_submit.SparkSubmitHook","filename":"spark_submit.py","lineno":643}
{"timestamp":"2026-01-15T03:26:46.139509Z","level":"info","event":"at org.apache.spark.sql.classic.DataFrameWriter.save(DataFrameWriter.scala:115)","logger":"airflow.task.hooks.airflow.providers.apache.spark.hooks.spark_submit.SparkSubmitHook","filename":"spark_submit.py","lineno":643}
{"timestamp":"2026-01-15T03:26:46.139535Z","level":"info","event":"at org.apache.spark.sql.DataFrameWriter.parquet(DataFrameWriter.scala:369)","logger":"airflow.task.hooks.airflow.providers.apache.spark.hooks.spark_submit.SparkSubmitHook","filename":"spark_submit.py","lineno":643}
{"timestamp":"2026-01-15T03:26:46.139572Z","level":"info","event":"at java.base/jdk.internal.reflect.NativeMethodAccessorImpl.invoke0(Native Method)","logger":"airflow.task.hooks.airflow.providers.apache.spark.hooks.spark_submit.SparkSubmitHook","filename":"spark_submit.py","lineno":643}
{"timestamp":"2026-01-15T03:26:46.139597Z","level":"info","event":"at java.base/jdk.internal.reflect.NativeMethodAccessorImpl.invoke(NativeMethodAccessorImpl.java:77)","logger":"airflow.task.hooks.airflow.providers.apache.spark.hooks.spark_submit.SparkSubmitHook","filename":"spark_submit.py","lineno":643}
{"timestamp":"2026-01-15T03:26:46.139621Z","level":"info","event":"at java.base/jdk.internal.reflect.DelegatingMethodAccessorImpl.invoke(DelegatingMethodAccessorImpl.java:43)","logger":"airflow.task.hooks.airflow.providers.apache.spark.hooks.spark_submit.SparkSubmitHook","filename":"spark_submit.py","lineno":643}
{"timestamp":"2026-01-15T03:26:46.139651Z","level":"info","event":"at java.base/java.lang.reflect.Method.invoke(Method.java:569)","logger":"airflow.task.hooks.airflow.providers.apache.spark.hooks.spark_submit.SparkSubmitHook","filename":"spark_submit.py","lineno":643}
{"timestamp":"2026-01-15T03:26:46.139676Z","level":"info","event":"at py4j.reflection.MethodInvoker.invoke(MethodInvoker.java:244)","logger":"airflow.task.hooks.airflow.providers.apache.spark.hooks.spark_submit.SparkSubmitHook","filename":"spark_submit.py","lineno":643}
{"timestamp":"2026-01-15T03:26:46.139701Z","level":"info","event":"at py4j.reflection.ReflectionEngine.invoke(ReflectionEngine.java:374)","logger":"airflow.task.hooks.airflow.providers.apache.spark.hooks.spark_submit.SparkSubmitHook","filename":"spark_submit.py","lineno":643}
{"timestamp":"2026-01-15T03:26:46.139728Z","level":"info","event":"at py4j.Gateway.invoke(Gateway.java:282)","logger":"airflow.task.hooks.airflow.providers.apache.spark.hooks.spark_submit.SparkSubmitHook","filename":"spark_submit.py","lineno":643}
{"timestamp":"2026-01-15T03:26:46.139762Z","level":"info","event":"at py4j.commands.AbstractCommand.invokeMethod(AbstractCommand.java:132)","logger":"airflow.task.hooks.airflow.providers.apache.spark.hooks.spark_submit.SparkSubmitHook","filename":"spark_submit.py","lineno":643}
{"timestamp":"2026-01-15T03:26:46.139784Z","level":"info","event":"at py4j.commands.CallCommand.execute(CallCommand.java:79)","logger":"airflow.task.hooks.airflow.providers.apache.spark.hooks.spark_submit.SparkSubmitHook","filename":"spark_submit.py","lineno":643}
{"timestamp":"2026-01-15T03:26:46.139804Z","level":"info","event":"at py4j.ClientServerConnection.waitForCommands(ClientServerConnection.java:184)","logger":"airflow.task.hooks.airflow.providers.apache.spark.hooks.spark_submit.SparkSubmitHook","filename":"spark_submit.py","lineno":643}
{"timestamp":"2026-01-15T03:26:46.139828Z","level":"info","event":"at py4j.ClientServerConnection.run(ClientServerConnection.java:108)","logger":"airflow.task.hooks.airflow.providers.apache.spark.hooks.spark_submit.SparkSubmitHook","filename":"spark_submit.py","lineno":643}
{"timestamp":"2026-01-15T03:26:46.139851Z","level":"info","event":"at java.base/java.lang.Thread.run(Thread.java:840)","logger":"airflow.task.hooks.airflow.providers.apache.spark.hooks.spark_submit.SparkSubmitHook","filename":"spark_submit.py","lineno":643}
{"timestamp":"2026-01-15T03:26:46.139887Z","level":"info","event":"Caused by: java.lang.ClassNotFoundException: Class software.amazon.awssdk.auth.credentials.EnvironmentVariableCredentialsProvider not found","logger":"airflow.task.hooks.airflow.providers.apache.spark.hooks.spark_submit.SparkSubmitHook","filename":"spark_submit.py","lineno":643}
{"timestamp":"2026-01-15T03:26:46.139916Z","level":"info","event":"at org.apache.hadoop.conf.Configuration.getClassByName(Configuration.java:2641)","logger":"airflow.task.hooks.airflow.providers.apache.spark.hooks.spark_submit.SparkSubmitHook","filename":"spark_submit.py","lineno":643}
{"timestamp":"2026-01-15T03:26:46.139940Z","level":"info","event":"at org.apache.hadoop.conf.Configuration.getClasses(Configuration.java:2712)","logger":"airflow.task.hooks.airflow.providers.apache.spark.hooks.spark_submit.SparkSubmitHook","filename":"spark_submit.py","lineno":643}
{"timestamp":"2026-01-15T03:26:46.139966Z","level":"info","event":"at org.apache.hadoop.fs.s3a.S3AUtils.loadAWSProviderClasses(S3AUtils.java:608)","logger":"airflow.task.hooks.airflow.providers.apache.spark.hooks.spark_submit.SparkSubmitHook","filename":"spark_submit.py","lineno":643}
{"timestamp":"2026-01-15T03:26:46.139992Z","level":"info","event":"... 29 more","logger":"airflow.task.hooks.airflow.providers.apache.spark.hooks.spark_submit.SparkSubmitHook","filename":"spark_submit.py","lineno":643}
{"timestamp":"2026-01-15T03:26:46.140018Z","level":"info","event":"","logger":"airflow.task.hooks.airflow.providers.apache.spark.hooks.spark_submit.SparkSubmitHook","filename":"spark_submit.py","lineno":643}
{"timestamp":"2026-01-15T03:26:46.208300Z","level":"error","event":"Task failed with exception","logger":"task","filename":"task_runner.py","lineno":1056,"error_detail":[{"exc_type":"AirflowException","exc_value":"Cannot execute: spark-submit --master spark://spark-master:7077 --conf spark.hadoop.fs.s3a.endpoint=http://minio:9000 --conf spark.hadoop.fs.s3a.access.key=minioadmin --conf spark.hadoop.fs.s3a.secret.key=****** --conf spark.hadoop.fs.s3a.path.style.access=true --conf spark.hadoop.fs.s3a.connection.ssl.enabled=false --conf spark.hadoop.fs.s3a.impl=org.apache.hadoop.fs.s3a.S3AFileSystem --conf spark.hadoop.fs.s3a.connection.timeout=60000 --conf spark.hadoop.fs.s3a.connection.establish.timeout=60000 --conf spark.hadoop.fs.s3a.retry.interval=5000 --conf spark.hadoop.fs.s3a.threads.keepalivetime=60000 --packages org.apache.hadoop:hadoop-aws:3.3.6,com.amazonaws:aws-java-sdk-bundle:1.12.509 --name arrow-spark --verbose /opt/spark/jobs/minio.py. Error code is: 1.","exc_notes":[],"syntax_error":null,"is_cause":false,"frames":[{"filename":"/opt/airflow/venv/lib/python3.10/site-packages/airflow/sdk/execution_time/task_runner.py","lineno":1004,"name":"run"},{"filename":"/opt/airflow/venv/lib/python3.10/site-packages/airflow/sdk/execution_time/task_runner.py","lineno":1405,"name":"_execute_task"},{"filename":"/opt/airflow/venv/lib/python3.10/site-packages/airflow/sdk/bases/operator.py","lineno":417,"name":"wrapper"},{"filename":"/opt/airflow/venv/lib/python3.10/site-packages/airflow/providers/apache/spark/operators/spark_submit.py","lineno":195,"name":"execute"},{"filename":"/opt/airflow/venv/lib/python3.10/site-packages/airflow/providers/apache/spark/hooks/spark_submit.py","lineno":565,"name":"submit"}],"is_group":false,"exceptions":[]}]}
